vehicle_id,display_name,path_index,aria_label,d,stroke,class_name,extraction_timestamp_utc
mercedes_benz_cla_coupe_250_eq_progressive,Mercedes-Benz CLA Coupe 250+ EQ Progressive,0,Mercedes-Benz CLA Coupe 250+ EQ Progressive,"M4.316901408450704,6L12.950704225352112,6L21.58450704225352,6L30.218309859154928,6L38.852112676056336,6L47.485915492957744,6L56.11971830985915,9L64.75352112676056,12L73.38732394366197,16L82.02112676056338,20L90.65492957746478,25L99.28873239436619,29L107.9225352112676,34L116.55633802816901,40L125.19014084507042,46L133.82394366197184,49L142.45774647887322,49L151.09154929577466,50L159.72535211267603,50L168.35915492957747,51L176.99295774647885,53L185.6267605633803,58L194.26056338028167,62L202.8943661971831,66L211.52816901408448,75L220.16197183098592,82L228.7957746478873,88L237.42957746478874,95L246.06338028169012,101L254.69718309859155,108L263.33098591549293,115L271.96478873239437,122L280.59859154929575,126L289.2323943661971,133L297.86619718309856,139L306.5,145L315.1338028169014,148L323.76760563380276,151L332.4014084507042,154L341.03521126760563,156L349.669014084507,159L358.3028169014084,162L366.9366197183098,165L375.57042253521126,168L384.20422535211264,171L392.838028169014,174L401.47183098591546,179L410.1056338028169,187L418.7394366197183,192L427.37323943661966,199L436.0070422535211,206L444.64084507042253,213L453.2746478873239,221L461.9084507042253,227L470.5422535211267,235L479.17605633802816,242L487.80985915492954,249L496.4436619718309,252L505.07746478873236,254L513.7112676056338,256L522.3450704225352,258L530.9788732394366,260L539.612676056338,262L548.2464788732394,264L556.8802816901408,266L565.5140845070422,268L574.1478873239436,270L582.7816901408451,272L591.4154929577464,276L600.0492957746478,281L608.6830985915493,286","rgb(255, 204, 0)",igc-graph-line-path,2026-05-19T08:51:23Z
mercedes_benz_cla_coupe_250_eq_progressive,Mercedes-Benz CLA Coupe 250+ EQ Progressive,1,"ⵁ Ladeleistung 205,8","M4.316901408450704,138Z","rgb(255, 255, 255)",igc-graph-line-path,2026-05-19T08:51:23Z
porsche_taycan_performancebatterie_plus,Porsche Taycan Performancebatterie Plus,0,Porsche Taycan Performancebatterie Plus,"M4.316901408450704,15L12.950704225352112,14L21.58450704225352,10L30.218309859154928,8L38.852112676056336,11L47.485915492957744,12L56.11971830985915,9L64.75352112676056,9L73.38732394366197,7L82.02112676056338,10L90.65492957746478,8L99.28873239436619,8L107.9225352112676,7L116.55633802816901,7L125.19014084507042,7L133.82394366197184,7L142.45774647887322,8L151.09154929577466,6L159.72535211267603,7L168.35915492957747,6L176.99295774647885,7L185.6267605633803,7L194.26056338028167,7L202.8943661971831,8L211.52816901408448,7L220.16197183098592,7L228.7957746478873,7L237.42957746478874,8L246.06338028169012,7L254.69718309859155,8L263.33098591549293,6L271.96478873239437,8L280.59859154929575,7L289.2323943661971,8L297.86619718309856,7L306.5,6L315.1338028169014,8L323.76760563380276,7L332.4014084507042,7L341.03521126760563,8L349.669014084507,8L358.3028169014084,7L366.9366197183098,7L375.57042253521126,8L384.20422535211264,8L392.838028169014,9L401.47183098591546,9L410.1056338028169,10L418.7394366197183,8L427.37323943661966,9L436.0070422535211,9L444.64084507042253,8L453.2746478873239,10L461.9084507042253,15L470.5422535211267,19L479.17605633802816,20L487.80985915492954,32L496.4436619718309,41L505.07746478873236,55L513.7112676056338,130L522.3450704225352,127L530.9788732394366,127L539.612676056338,126L548.2464788732394,126L556.8802816901408,125L565.5140845070422,150L574.1478873239436,168L582.7816901408451,187L591.4154929577464,210L600.0492957746478,232L608.6830985915493,282","rgb(255, 204, 0)",igc-graph-line-path,2026-05-19T08:51:23Z
porsche_taycan_performancebatterie_plus,Porsche Taycan Performancebatterie Plus,1,"ⵁ Ladeleistung 274,9 kW","M4.316901408450704,37Z","rgb(255, 255, 255)",igc-graph-line-path,2026-05-19T08:51:23Z
mercedes_benz_eqs_450_amg_line,Mercedes-Benz EQS 450+ AMG Line,0,Mercedes-Benz EQS 450+ AMG Line,"M4.316901408450704,55L12.950704225352112,53L21.58450704225352,51L30.218309859154928,50L38.852112676056336,48L47.485915492957744,47L56.11971830985915,45L64.75352112676056,45L73.38732394366197,44L82.02112676056338,43L90.65492957746478,43L99.28873239436619,42L107.9225352112676,41L116.55633802816901,40L125.19014084507042,39L133.82394366197184,38L142.45774647887322,38L151.09154929577466,37L159.72535211267603,36L168.35915492957747,35L176.99295774647885,35L185.6267605633803,34L194.26056338028167,33L202.8943661971831,32L211.52816901408448,31L220.16197183098592,31L228.7957746478873,31L237.42957746478874,29L246.06338028169012,29L254.69718309859155,27L263.33098591549293,28L271.96478873239437,26L280.59859154929575,25L289.2323943661971,24L297.86619718309856,23L306.5,21L315.1338028169014,25L323.76760563380276,33L332.4014084507042,38L341.03521126760563,47L349.669014084507,54L358.3028169014084,61L366.9366197183098,69L375.57042253521126,75L384.20422535211264,83L392.838028169014,91L401.47183098591546,97L410.1056338028169,106L418.7394366197183,113L427.37323943661966,122L436.0070422535211,129L444.64084507042253,138L453.2746478873239,146L461.9084507042253,154L470.5422535211267,164L479.17605633802816,172L487.80985915492954,180L496.4436619718309,187L505.07746478873236,194L513.7112676056338,202L522.3450704225352,209L530.9788732394366,216L539.612676056338,223L548.2464788732394,228L556.8802816901408,237L565.5140845070422,243L574.1478873239436,250L582.7816901408451,257L591.4154929577464,265L600.0492957746478,276L608.6830985915493,289","rgb(255, 204, 0)",igc-graph-line-path,2026-05-19T08:51:23Z
mercedes_benz_eqs_450_amg_line,Mercedes-Benz EQS 450+ AMG Line,1,"ⵁ Ladeleistung 181,2","M4.316901408450704,94Z","rgb(255, 255, 255)",igc-graph-line-path,2026-05-19T08:51:23Z
hyundai_ioniq_6_77_4_kwh_rwd,"Hyundai IONIQ 6 77,4 kWh RWD",0,"Hyundai IONIQ 6 77,4 kWh RWD","M4.316901408450704,257L12.950704225352112,246L21.58450704225352,244L30.218309859154928,244L38.852112676056336,114L47.485915492957744,99L56.11971830985915,97L64.75352112676056,96L73.38732394366197,96L82.02112676056338,96L90.65492957746478,94L99.28873239436619,93L107.9225352112676,94L116.55633802816901,92L125.19014084507042,93L133.82394366197184,93L142.45774647887322,90L151.09154929577466,89L159.72535211267603,89L168.35915492957747,82L176.99295774647885,25L185.6267605633803,23L194.26056338028167,23L202.8943661971831,22L211.52816901408448,23L220.16197183098592,22L228.7957746478873,20L237.42957746478874,18L246.06338028169012,18L254.69718309859155,18L263.33098591549293,16L271.96478873239437,16L280.59859154929575,15L289.2323943661971,16L297.86619718309856,14L306.5,15L315.1338028169014,13L323.76760563380276,14L332.4014084507042,13L341.03521126760563,12L349.669014084507,10L358.3028169014084,11L366.9366197183098,9L375.57042253521126,187L384.20422535211264,184L392.838028169014,146L401.47183098591546,109L410.1056338028169,107L418.7394366197183,108L427.37323943661966,107L436.0070422535211,128L444.64084507042253,126L453.2746478873239,125L461.9084507042253,140L470.5422535211267,161L479.17605633802816,158L487.80985915492954,158L496.4436619718309,158L505.07746478873236,157L513.7112676056338,182L522.3450704225352,183L530.9788732394366,181L539.612676056338,180L548.2464788732394,179L556.8802816901408,180L565.5140845070422,178L574.1478873239436,178L582.7816901408451,177L591.4154929577464,195L600.0492957746478,234L608.6830985915493,255","rgb(255, 204, 0)",igc-graph-line-path,2026-05-19T08:51:23Z
hyundai_ioniq_6_77_4_kwh_rwd,"Hyundai IONIQ 6 77,4 kWh RWD",1,"ⵁ Ladeleistung 189,7 kW","M4.316901408450704,105Z","rgb(255, 255, 255)",igc-graph-line-path,2026-05-19T08:51:23Z
audi_a6_avant_e_tron_performance,Audi A6 Avant e-tron performance,0,Audi A6 Avant e-tron performance,"M4.316901408450704,43L12.950704225352112,40L21.58450704225352,38L30.218309859154928,35L38.852112676056336,36L47.485915492957744,34L56.11971830985915,33L64.75352112676056,33L73.38732394366197,31L82.02112676056338,31L90.65492957746478,30L99.28873239436619,29L107.9225352112676,29L116.55633802816901,28L125.19014084507042,27L133.82394366197184,26L142.45774647887322,26L151.09154929577466,25L159.72535211267603,60L168.35915492957747,107L176.99295774647885,143L185.6267605633803,151L194.26056338028167,143L202.8943661971831,143L211.52816901408448,135L220.16197183098592,144L228.7957746478873,142L237.42957746478874,143L246.06338028169012,149L254.69718309859155,148L263.33098591549293,157L271.96478873239437,157L280.59859154929575,156L289.2323943661971,164L297.86619718309856,165L306.5,173L315.1338028169014,172L323.76760563380276,171L332.4014084507042,173L341.03521126760563,178L349.669014084507,179L358.3028169014084,187L366.9366197183098,185L375.57042253521126,184L384.20422535211264,185L392.838028169014,184L401.47183098591546,193L410.1056338028169,191L418.7394366197183,191L427.37323943661966,193L436.0070422535211,197L444.64084507042253,199L453.2746478873239,204L461.9084507042253,200L470.5422535211267,203L479.17605633802816,201L487.80985915492954,209L496.4436619718309,209L505.07746478873236,218L513.7112676056338,219L522.3450704225352,223L530.9788732394366,225L539.612676056338,224L548.2464788732394,229L556.8802816901408,235L565.5140845070422,241L574.1478873239436,247L582.7816901408451,250L591.4154929577464,254L600.0492957746478,257L608.6830985915493,260","rgb(255, 204, 0)",igc-graph-line-path,2026-05-19T08:51:23Z
audi_a6_avant_e_tron_performance,Audi A6 Avant e-tron performance,1,"ⵁ Ladeleistung 199,5 kW","M4.316901408450704,147Z","rgb(255, 255, 255)",igc-graph-line-path,2026-05-19T08:51:23Z
audi_q6_e_tron_performance,Audi Q6 e-tron performance,0,Audi Q6 e-tron performance,"M4.316901408450704,59L12.950704225352112,57L21.58450704225352,54L30.218309859154928,53L38.852112676056336,51L47.485915492957744,49L56.11971830985915,49L64.75352112676056,47L73.38732394366197,46L82.02112676056338,45L90.65492957746478,45L99.28873239436619,44L107.9225352112676,42L116.55633802816901,42L125.19014084507042,41L133.82394366197184,41L142.45774647887322,40L151.09154929577466,39L159.72535211267603,38L168.35915492957747,38L176.99295774647885,37L185.6267605633803,37L194.26056338028167,36L202.8943661971831,35L211.52816901408448,35L220.16197183098592,35L228.7957746478873,37L237.42957746478874,54L246.06338028169012,96L254.69718309859155,124L263.33098591549293,168L271.96478873239437,202L280.59859154929575,205L289.2323943661971,214L297.86619718309856,213L306.5,206L315.1338028169014,201L323.76760563380276,205L332.4014084507042,200L341.03521126760563,205L349.669014084507,211L358.3028169014084,211L366.9366197183098,214L375.57042253521126,209L384.20422535211264,219L392.838028169014,223L401.47183098591546,212L410.1056338028169,214L418.7394366197183,217L427.37323943661966,214L436.0070422535211,212L444.64084507042253,216L453.2746478873239,218L461.9084507042253,223L470.5422535211267,213L479.17605633802816,218L487.80985915492954,222L496.4436619718309,223L505.07746478873236,220L513.7112676056338,226L522.3450704225352,225L530.9788732394366,230L539.612676056338,231L548.2464788732394,229L556.8802816901408,229L565.5140845070422,234L574.1478873239436,235L582.7816901408451,239L591.4154929577464,240L600.0492957746478,242L608.6830985915493,248","rgb(255, 204, 0)",igc-graph-line-path,2026-05-19T08:51:23Z
audi_q6_e_tron_performance,Audi Q6 e-tron performance,1,"ⵁ Ladeleistung 199,8 kW","M4.316901408450704,146Z","rgb(255, 255, 255)",igc-graph-line-path,2026-05-19T08:51:23Z
smart_5_premium,Smart #5 Premium,0,Smart #5 Premium,"M4.316901408450704,133L12.950704225352112,126L21.58450704225352,112L30.218309859154928,112L38.852112676056336,9L47.485915492957744,10L56.11971830985915,10L64.75352112676056,6L73.38732394366197,6L82.02112676056338,6L90.65492957746478,6L99.28873239436619,6L107.9225352112676,6L116.55633802816901,6L125.19014084507042,6L133.82394366197184,6L142.45774647887322,6L151.09154929577466,6L159.72535211267603,6L168.35915492957747,6L176.99295774647885,6L185.6267605633803,6L194.26056338028167,6L202.8943661971831,6L211.52816901408448,6L220.16197183098592,6L228.7957746478873,6L237.42957746478874,6L246.06338028169012,6L254.69718309859155,6L263.33098591549293,6L271.96478873239437,6L280.59859154929575,6L289.2323943661971,6L297.86619718309856,6L306.5,6L315.1338028169014,6L323.76760563380276,6L332.4014084507042,6L341.03521126760563,6L349.669014084507,6L358.3028169014084,6L366.9366197183098,26L375.57042253521126,27L384.20422535211264,40L392.838028169014,55L401.47183098591546,62L410.1056338028169,70L418.7394366197183,77L427.37323943661966,86L436.0070422535211,94L444.64084507042253,100L453.2746478873239,107L461.9084507042253,111L470.5422535211267,110L479.17605633802816,118L487.80985915492954,123L496.4436619718309,129L505.07746478873236,136L513.7112676056338,142L522.3450704225352,147L530.9788732394366,154L539.612676056338,163L548.2464788732394,173L556.8802816901408,182L565.5140845070422,192L574.1478873239436,211L582.7816901408451,220L591.4154929577464,219L600.0492957746478,228L608.6830985915493,235","rgb(255, 204, 0)",igc-graph-line-path,2026-05-19T08:51:23Z
smart_5_premium,Smart #5 Premium,1,"ⵁ Ladeleistung 257,0","M4.316901408450704,63Z","rgb(255, 255, 255)",igc-graph-line-path,2026-05-19T08:51:23Z
lucid_air_grand_touring,Lucid Air Grand Touring,0,Lucid Air Grand Touring,"M4.316901408450704,45L12.950704225352112,10L21.58450704225352,28L30.218309859154928,12L38.852112676056336,46L47.485915492957744,35L56.11971830985915,61L64.75352112676056,52L73.38732394366197,68L82.02112676056338,59L90.65492957746478,71L99.28873239436619,64L107.9225352112676,67L116.55633802816901,72L125.19014084507042,74L133.82394366197184,80L142.45774647887322,81L151.09154929577466,86L159.72535211267603,87L168.35915492957747,89L176.99295774647885,92L185.6267605633803,95L194.26056338028167,97L202.8943661971831,99L211.52816901408448,96L220.16197183098592,99L228.7957746478873,102L237.42957746478874,102L246.06338028169012,107L254.69718309859155,110L263.33098591549293,115L271.96478873239437,117L280.59859154929575,124L289.2323943661971,125L297.86619718309856,129L306.5,131L315.1338028169014,137L323.76760563380276,141L332.4014084507042,145L341.03521126760563,149L349.669014084507,154L358.3028169014084,157L366.9366197183098,161L375.57042253521126,165L384.20422535211264,168L392.838028169014,172L401.47183098591546,177L410.1056338028169,179L418.7394366197183,186L427.37323943661966,187L436.0070422535211,192L444.64084507042253,196L453.2746478873239,199L461.9084507042253,202L470.5422535211267,206L479.17605633802816,207L487.80985915492954,212L496.4436619718309,215L505.07746478873236,217L513.7112676056338,220L522.3450704225352,223L530.9788732394366,227L539.612676056338,230L548.2464788732394,234L556.8802816901408,238L565.5140845070422,251L574.1478873239436,256L582.7816901408451,268L591.4154929577464,270L600.0492957746478,272L608.6830985915493,271","rgb(255, 204, 0)",igc-graph-line-path,2026-05-19T08:51:23Z
lucid_air_grand_touring,Lucid Air Grand Touring,1,"ⵁ Ladeleistung 153,4 kW","M4.316901408450704,141Z","rgb(255, 255, 255)",igc-graph-line-path,2026-05-19T08:51:23Z
bmw_ix_xdrive50_108_8_kwh,"BMW iX xDrive50 108,8 kWh",0,"BMW iX xDrive50 108,8 kWh","M4.316901408450704,19L12.950704225352112,18L21.58450704225352,15L30.218309859154928,13L38.852112676056336,13L47.485915492957744,12L56.11971830985915,12L64.75352112676056,31L73.38732394366197,50L82.02112676056338,48L90.65492957746478,48L99.28873239436619,48L107.9225352112676,47L116.55633802816901,47L125.19014084507042,45L133.82394366197184,47L142.45774647887322,45L151.09154929577466,80L159.72535211267603,82L168.35915492957747,82L176.99295774647885,80L185.6267605633803,80L194.26056338028167,80L202.8943661971831,80L211.52816901408448,80L220.16197183098592,79L228.7957746478873,91L237.42957746478874,92L246.06338028169012,92L254.69718309859155,92L263.33098591549293,91L271.96478873239437,110L280.59859154929575,110L289.2323943661971,108L297.86619718309856,108L306.5,120L315.1338028169014,120L323.76760563380276,121L332.4014084507042,120L341.03521126760563,134L349.669014084507,134L358.3028169014084,134L366.9366197183098,134L375.57042253521126,133L384.20422535211264,149L392.838028169014,149L401.47183098591546,149L410.1056338028169,147L418.7394366197183,147L427.37323943661966,159L436.0070422535211,159L444.64084507042253,159L453.2746478873239,159L461.9084507042253,158L470.5422535211267,166L479.17605633802816,168L487.80985915492954,166L496.4436619718309,175L505.07746478873236,175L513.7112676056338,175L522.3450704225352,185L530.9788732394366,185L539.612676056338,184L548.2464788732394,193L556.8802816901408,194L565.5140845070422,193L574.1478873239436,199L582.7816901408451,199L591.4154929577464,199L600.0492957746478,212L608.6830985915493,212","rgb(255, 204, 0)",igc-graph-line-path,2026-05-19T08:51:23Z
bmw_ix_xdrive50_108_8_kwh,"BMW iX xDrive50 108,8 kWh",1,"ⵁ Ladeleistung 122,5 kW","M4.316901408450704,113Z","rgb(255, 255, 255)",igc-graph-line-path,2026-05-19T08:51:23Z
hyundai_ioniq_9_techniq,Hyundai IONIQ 9 TECHNIQ,0,Hyundai IONIQ 9 TECHNIQ,"M4.316901408450704,56L12.950704225352112,54L21.58450704225352,53L30.218309859154928,52L38.852112676056336,51L47.485915492957744,49L56.11971830985915,49L64.75352112676056,48L73.38732394366197,47L82.02112676056338,47L90.65492957746478,46L99.28873239436619,46L107.9225352112676,44L116.55633802816901,43L125.19014084507042,42L133.82394366197184,50L142.45774647887322,39L151.09154929577466,40L159.72535211267603,40L168.35915492957747,39L176.99295774647885,37L185.6267605633803,38L194.26056338028167,37L202.8943661971831,37L211.52816901408448,36L220.16197183098592,36L228.7957746478873,36L237.42957746478874,34L246.06338028169012,33L254.69718309859155,33L263.33098591549293,33L271.96478873239437,32L280.59859154929575,33L289.2323943661971,30L297.86619718309856,30L306.5,29L315.1338028169014,30L323.76760563380276,28L332.4014084507042,27L341.03521126760563,28L349.669014084507,25L358.3028169014084,26L366.9366197183098,24L375.57042253521126,24L384.20422535211264,23L392.838028169014,23L401.47183098591546,46L410.1056338028169,43L418.7394366197183,45L427.37323943661966,42L436.0070422535211,43L444.64084507042253,43L453.2746478873239,62L461.9084507042253,62L470.5422535211267,59L479.17605633802816,60L487.80985915492954,72L496.4436619718309,77L505.07746478873236,76L513.7112676056338,77L522.3450704225352,76L530.9788732394366,83L539.612676056338,88L548.2464788732394,88L556.8802816901408,149L565.5140845070422,148L574.1478873239436,148L582.7816901408451,172L591.4154929577464,190L600.0492957746478,207L608.6830985915493,222","rgb(255, 204, 0)",igc-graph-line-path,2026-05-19T08:51:23Z
hyundai_ioniq_9_techniq,Hyundai IONIQ 9 TECHNIQ,1,"ⵁ Ladeleistung 210,3 kW","M4.316901408450704,58Z","rgb(255, 255, 255)",igc-graph-line-path,2026-05-19T08:51:23Z
genesis_gv60,Genesis GV60,0,Genisis GV60,"M4.316901408450704,142L12.950704225352112,75L21.58450704225352,72L30.218309859154928,69L38.852112676056336,68L47.485915492957744,67L56.11971830985915,66L64.75352112676056,65L73.38732394366197,64L82.02112676056338,64L90.65492957746478,63L99.28873239436619,62L107.9225352112676,62L116.55633802816901,62L125.19014084507042,61L133.82394366197184,61L142.45774647887322,60L151.09154929577466,59L159.72535211267603,59L168.35915492957747,59L176.99295774647885,58L185.6267605633803,58L194.26056338028167,57L202.8943661971831,57L211.52816901408448,56L220.16197183098592,56L228.7957746478873,56L237.42957746478874,55L246.06338028169012,55L254.69718309859155,54L263.33098591549293,54L271.96478873239437,53L280.59859154929575,53L289.2323943661971,52L297.86619718309856,52L306.5,51L315.1338028169014,51L323.76760563380276,50L332.4014084507042,49L341.03521126760563,49L349.669014084507,48L358.3028169014084,48L366.9366197183098,47L375.57042253521126,107L384.20422535211264,108L392.838028169014,108L401.47183098591546,107L410.1056338028169,107L418.7394366197183,120L427.37323943661966,120L436.0070422535211,120L444.64084507042253,119L453.2746478873239,119L461.9084507042253,118L470.5422535211267,118L479.17605633802816,160L487.80985915492954,160L496.4436619718309,160L505.07746478873236,160L513.7112676056338,159L522.3450704225352,210L530.9788732394366,210L539.612676056338,210L548.2464788732394,209L556.8802816901408,209L565.5140845070422,208L574.1478873239436,208L582.7816901408451,208L591.4154929577464,226L600.0492957746478,238L608.6830985915493,248","rgb(255, 204, 0)",igc-graph-line-path,2026-05-19T08:51:23Z
genesis_gv60,Genesis GV60,1,"ⵁ Ladeleistung 214,0","M4.316901408450704,100Z","rgb(255, 255, 255)",igc-graph-line-path,2026-05-19T08:51:23Z
mercedes_benz_eqs_450_107_8_kwh,"Mercedes-Benz EQS 450+ 107,8 kWh",0,"Mercedes-Benz EQS 450+ 107,8 kWh","M4.316901408450704,97L12.950704225352112,85L21.58450704225352,75L30.218309859154928,61L38.852112676056336,54L47.485915492957744,44L56.11971830985915,37L64.75352112676056,37L73.38732394366197,37L82.02112676056338,37L90.65492957746478,34L99.28873239436619,34L107.9225352112676,34L116.55633802816901,34L125.19014084507042,32L133.82394366197184,32L142.45774647887322,32L151.09154929577466,32L159.72535211267603,29L168.35915492957747,29L176.99295774647885,41L185.6267605633803,49L194.26056338028167,61L202.8943661971831,73L211.52816901408448,78L220.16197183098592,80L228.7957746478873,88L237.42957746478874,88L246.06338028169012,92L254.69718309859155,95L263.33098591549293,100L271.96478873239437,102L280.59859154929575,107L289.2323943661971,110L297.86619718309856,114L306.5,119L315.1338028169014,124L323.76760563380276,129L332.4014084507042,131L341.03521126760563,136L349.669014084507,141L358.3028169014084,146L366.9366197183098,148L375.57042253521126,153L384.20422535211264,158L392.838028169014,163L401.47183098591546,168L410.1056338028169,173L418.7394366197183,178L427.37323943661966,180L436.0070422535211,187L444.64084507042253,190L453.2746478873239,195L461.9084507042253,202L470.5422535211267,207L479.17605633802816,209L487.80985915492954,217L496.4436619718309,219L505.07746478873236,224L513.7112676056338,226L522.3450704225352,231L530.9788732394366,234L539.612676056338,236L548.2464788732394,241L556.8802816901408,243L565.5140845070422,246L574.1478873239436,251L582.7816901408451,253L591.4154929577464,260L600.0492957746478,273L608.6830985915493,282","rgb(255, 204, 0)",igc-graph-line-path,2026-05-19T08:51:23Z
mercedes_benz_eqs_450_107_8_kwh,"Mercedes-Benz EQS 450+ 107,8 kWh",1,"ⵁ Ladeleistung 165,9 kW","M4.316901408450704,132Z","rgb(255, 255, 255)",igc-graph-line-path,2026-05-19T08:51:23Z
xpeng_g6_long_range,XPeng G6 Long Range,0,XPeng G6 Long Range,"M4.316901408450704,40L12.950704225352112,38L21.58450704225352,35L30.218309859154928,36L38.852112676056336,34L47.485915492957744,33L56.11971830985915,33L64.75352112676056,31L73.38732394366197,31L82.02112676056338,30L90.65492957746478,29L99.28873239436619,29L107.9225352112676,28L116.55633802816901,27L125.19014084507042,26L133.82394366197184,26L142.45774647887322,25L151.09154929577466,60L159.72535211267603,107L168.35915492957747,143L176.99295774647885,151L185.6267605633803,143L194.26056338028167,143L202.8943661971831,135L211.52816901408448,144L220.16197183098592,142L228.7957746478873,143L237.42957746478874,149L246.06338028169012,148L254.69718309859155,157L263.33098591549293,157L271.96478873239437,156L280.59859154929575,164L289.2323943661971,165L297.86619718309856,173L306.5,172L315.1338028169014,171L323.76760563380276,173L332.4014084507042,178L341.03521126760563,179L349.669014084507,187L358.3028169014084,185L366.9366197183098,184L375.57042253521126,185L384.20422535211264,184L392.838028169014,193L401.47183098591546,191L410.1056338028169,191L418.7394366197183,193L427.37323943661966,197L436.0070422535211,199L444.64084507042253,204L453.2746478873239,200L461.9084507042253,203L470.5422535211267,201L479.17605633802816,209L487.80985915492954,209L496.4436619718309,218L505.07746478873236,219L513.7112676056338,223L522.3450704225352,225L530.9788732394366,224L539.612676056338,229L548.2464788732394,235L556.8802816901408,241L565.5140845070422,247L574.1478873239436,250L582.7816901408451,254L591.4154929577464,257L600.0492957746478,260L608.6830985915493,265","rgb(255, 204, 0)",igc-graph-line-path,2026-05-19T08:51:23Z
xpeng_g6_long_range,XPeng G6 Long Range,1,"ⵁ Ladeleistung 198,5 kW","M4.316901408450704,148Z","rgb(255, 255, 255)",igc-graph-line-path,2026-05-19T08:51:23Z
hyundai_ioniq_5_84_kwh_uniq_2wd,Hyundai IONIQ 5 (84 kWh) UNIQ 2WD,0,Hyundai IONIQ 5 (84 kWh) UNIQ 2WD,"M4.316901408450704,117L12.950704225352112,116L21.58450704225352,115L30.218309859154928,113L38.852112676056336,112L47.485915492957744,112L56.11971830985915,111L64.75352112676056,110L73.38732394366197,110L82.02112676056338,110L90.65492957746478,109L99.28873239436619,105L107.9225352112676,94L116.55633802816901,89L125.19014084507042,89L133.82394366197184,65L142.45774647887322,65L151.09154929577466,65L159.72535211267603,64L168.35915492957747,64L176.99295774647885,63L185.6267605633803,63L194.26056338028167,62L202.8943661971831,62L211.52816901408448,61L220.16197183098592,60L228.7957746478873,59L237.42957746478874,58L246.06338028169012,57L254.69718309859155,57L263.33098591549293,56L271.96478873239437,56L280.59859154929575,55L289.2323943661971,55L297.86619718309856,54L306.5,54L315.1338028169014,54L323.76760563380276,53L332.4014084507042,52L341.03521126760563,112L349.669014084507,112L358.3028169014084,112L366.9366197183098,112L375.57042253521126,111L384.20422535211264,111L392.838028169014,110L401.47183098591546,110L410.1056338028169,109L418.7394366197183,109L427.37323943661966,118L436.0070422535211,122L444.64084507042253,121L453.2746478873239,121L461.9084507042253,120L470.5422535211267,120L479.17605633802816,120L487.80985915492954,213L496.4436619718309,213L505.07746478873236,213L513.7112676056338,212L522.3450704225352,212L530.9788732394366,212L539.612676056338,212L548.2464788732394,211L556.8802816901408,211L565.5140845070422,211L574.1478873239436,210L582.7816901408451,210L591.4154929577464,210L600.0492957746478,209L608.6830985915493,235","rgb(255, 204, 0)",igc-graph-line-path,2026-05-19T08:51:23Z
hyundai_ioniq_5_84_kwh_uniq_2wd,Hyundai IONIQ 5 (84 kWh) UNIQ 2WD,1,"ⵁ Ladeleistung 201,5 kW","M4.316901408450704,115Z","rgb(255, 255, 255)",igc-graph-line-path,2026-05-19T08:51:23Z
mercedes_benz_eqe_suv_350,Mercedes-Benz EQE SUV 350+,0,Mercedes-Benz EQE SUV 350+,"M4.330985915492958,37L12.992957746478874,35L21.65492957746479,33L30.316901408450704,33L38.97887323943662,31L47.64084507042254,30L56.302816901408455,29L64.96478873239437,29L73.62676056338029,28L82.2887323943662,29L90.95070422535213,28L99.61267605633803,27L108.27464788732395,27L116.93661971830987,27L125.59859154929578,26L134.2605633802817,26L142.92253521126761,26L151.58450704225353,26L160.24647887323945,26L168.90845070422537,29L177.5704225352113,30L186.23239436619718,33L194.8943661971831,37L203.55633802816902,42L212.21830985915494,46L220.88028169014086,52L229.54225352112678,57L238.2042253521127,63L246.8661971830986,68L255.5281690140845,81L264.1901408450704,102L272.8521126760563,102L281.51408450704224,124L290.17605633802816,123L298.8380281690141,138L307.5,142L316.1619718309859,143L324.82394366197184,143L333.48591549295776,144L342.1478873239437,142L350.8098591549296,148L359.47183098591546,148L368.1338028169014,151L376.7957746478873,161L385.4577464788732,160L394.11971830985914,160L402.78169014084506,158L411.443661971831,158L420.1056338028169,158L428.7676056338028,157L437.42957746478874,156L446.09154929577466,156L454.7535211267606,155L463.4154929577465,155L472.0774647887324,155L480.73943661971833,154L489.4014084507042,157L498.0633802816901,164L506.72535211267603,173L515.387323943662,181L524.0492957746479,190L532.7112676056339,197L541.3732394366198,205L550.0352112676057,214L558.6971830985916,221L567.3591549295775,230L576.0211267605634,238L584.6830985915493,245L593.3450704225353,254L602.0070422535211,262L610.6690140845071,270","rgb(255, 204, 0)",igc-graph-line-path,2026-05-19T08:51:23Z
mercedes_benz_eqe_suv_350,Mercedes-Benz EQE SUV 350+,1,"ⵁ Ladeleistung 133,2 kW","M4.330985915492958,114Z","rgb(255, 255, 255)",igc-graph-line-path,2026-05-19T08:51:23Z
polestar_2_lr_sm_82_kwh,Polestar 2 LR SM 82 kWh,0,Polestar 2 LR SM,"M4.316901408450704,51L12.950704225352112,50L21.58450704225352,71L30.218309859154928,82L38.852112676056336,70L47.485915492957744,66L56.11971830985915,64L64.75352112676056,93L73.38732394366197,85L82.02112676056338,82L90.65492957746478,80L99.28873239436619,78L107.9225352112676,99L116.55633802816901,96L125.19014084507042,94L133.82394366197184,93L142.45774647887322,91L151.09154929577466,105L159.72535211267603,101L168.35915492957747,101L176.99295774647885,101L185.6267605633803,102L194.26056338028167,111L202.8943661971831,109L211.52816901408448,109L220.16197183098592,108L228.7957746478873,119L237.42957746478874,118L246.06338028169012,118L254.69718309859155,117L263.33098591549293,115L271.96478873239437,123L280.59859154929575,122L289.2323943661971,121L297.86619718309856,132L306.5,129L315.1338028169014,128L323.76760563380276,161L332.4014084507042,136L341.03521126760563,133L349.669014084507,140L358.3028169014084,138L366.9366197183098,144L375.57042253521126,143L384.20422535211264,142L392.838028169014,145L401.47183098591546,147L410.1056338028169,152L418.7394366197183,151L427.37323943661966,157L436.0070422535211,156L444.64084507042253,162L453.2746478873239,160L461.9084507042253,167L470.5422535211267,165L479.17605633802816,164L487.80985915492954,172L496.4436619718309,170L505.07746478873236,169L513.7112676056338,174L522.3450704225352,177L530.9788732394366,178L539.612676056338,177L548.2464788732394,182L556.8802816901408,182L565.5140845070422,193L574.1478873239436,227L582.7816901408451,222L591.4154929577464,223L600.0492957746478,222L608.6830985915493,239","rgb(255, 204, 0)",igc-graph-line-path,2026-05-19T08:51:23Z
polestar_2_lr_sm_82_kwh,Polestar 2 LR SM 82 kWh,1,"ⵁ Ladeleistung 136,7 kW","M4.316901408450704,132Z","rgb(255, 255, 255)",igc-graph-line-path,2026-05-19T08:51:23Z
nio_et5_touring_100_kwh,NIO ET5 Touring 100 kWh,0,NIO ET5 Touring 100 kWh,"M4.338028169014028,65L13.014084507042199,65L21.690140845070367,63L30.36619718309854,63L39.04225352112671,62L47.71830985915488,62L56.394366197183054,60L65.07042253521122,60L73.74647887323938,60L82.42253521126756,59L91.09859154929572,58L99.7746478873239,58L108.45070422535207,58L117.12676056338023,57L125.8028169014084,57L134.47887323943658,56L143.15492957746474,56L151.8309859154929,56L160.5070422535211,55L169.18309859154925,54L177.85915492957741,54L186.5352112676056,53L195.21126760563376,53L203.88732394366193,53L212.56338028169012,52L221.23943661971828,52L229.91549295774644,52L238.5915492957746,51L247.2676056338028,50L255.94366197183095,48L264.61971830985914,48L273.2957746478873,48L281.97183098591546,46L290.6478873239436,45L299.3239436619718,44L307.99999999999994,43L316.67605633802816,43L325.3521126760563,41L334.0281690140845,40L342.70422535211264,38L351.3802816901408,37L360.05633802816897,35L368.7323943661972,34L377.40845070422534,33L386.0845070422535,32L394.76056338028167,30L403.4366197183098,28L412.112676056338,242L420.7887323943662,242L429.46478873239437,240L438.14084507042253,142L446.8169014084507,142L455.49295774647885,120L464.169014084507,99L472.8450704225352,100L481.5211267605634,79L490.19718309859155,69L498.8732394366197,68L507.5492957746479,65L516.2253521126761,61L524.9014084507043,60L533.5774647887325,58L542.2535211267606,68L550.9295774647888,83L559.6056338028169,101L568.2816901408452,115L576.9577464788732,132L585.6338028169015,148L594.3098591549295,192L602.9859154929578,230L611.6619718309859,259","rgb(255, 204, 0)",igc-graph-line-path,2026-05-19T08:51:23Z
nio_et5_touring_100_kwh,NIO ET5 Touring 100 kWh,1,"ⵁ Ladeleistung 171,5 kW","M4.338028169014028,77Z","rgb(255, 255, 255)",igc-graph-line-path,2026-05-19T08:51:23Z
porsche_macan,Porsche Macan,0,Porsche Macan,"M4.316901408450704,45L12.950704225352112,42L21.58450704225352,40L30.218309859154928,38L38.852112676056336,37L47.485915492957744,36L56.11971830985915,35L64.75352112676056,34L73.38732394366197,32L82.02112676056338,32L90.65492957746478,31L99.28873239436619,30L107.9225352112676,30L116.55633802816901,30L125.19014084507042,57L133.82394366197184,118L142.45774647887322,147L151.09154929577466,154L159.72535211267603,152L168.35915492957747,143L176.99295774647885,143L185.6267605633803,151L194.26056338028167,151L202.8943661971831,159L211.52816901408448,159L220.16197183098592,167L228.7957746478873,166L237.42957746478874,166L246.06338028169012,174L254.69718309859155,175L263.33098591549293,173L271.96478873239437,173L280.59859154929575,181L289.2323943661971,181L297.86619718309856,180L306.5,179L315.1338028169014,187L323.76760563380276,187L332.4014084507042,187L341.03521126760563,185L349.669014084507,185L358.3028169014084,185L366.9366197183098,185L375.57042253521126,192L384.20422535211264,191L392.838028169014,190L401.47183098591546,190L410.1056338028169,190L418.7394366197183,193L427.37323943661966,197L436.0070422535211,201L444.64084507042253,205L453.2746478873239,200L461.9084507042253,205L470.5422535211267,208L479.17605633802816,213L487.80985915492954,207L496.4436619718309,215L505.07746478873236,217L513.7112676056338,220L522.3450704225352,227L530.9788732394366,222L539.612676056338,227L548.2464788732394,232L556.8802816901408,237L565.5140845070422,243L574.1478873239436,248L582.7816901408451,252L591.4154929577464,256L600.0492957746478,262L608.6830985915493,262","rgb(255, 204, 0)",igc-graph-line-path,2026-05-19T08:51:23Z
porsche_macan,Porsche Macan,1,"ⵁ Ladeleistung 190,6 kW","M4.316901408450704,160Z","rgb(255, 255, 255)",igc-graph-line-path,2026-05-19T08:51:23Z
hyundai_ioniq_5_77_4_kwh_rwd,"Hyundai IONIQ 5 77,4 kWh RWD",0,"Hyundai IONIQ 5 77,4 kWh RWD","M4.316901408450704,112L12.950704225352112,109L21.58450704225352,107L30.218309859154928,106L38.852112676056336,105L47.485915492957744,105L56.11971830985915,105L64.75352112676056,104L73.38732394366197,39L82.02112676056338,38L90.65492957746478,38L99.28873239436619,38L107.9225352112676,36L116.55633802816901,37L125.19014084507042,36L133.82394366197184,35L142.45774647887322,35L151.09154929577466,36L159.72535211267603,35L168.35915492957747,35L176.99295774647885,35L185.6267605633803,35L194.26056338028167,35L202.8943661971831,35L211.52816901408448,36L220.16197183098592,36L228.7957746478873,35L237.42957746478874,35L246.06338028169012,35L254.69718309859155,35L263.33098591549293,35L271.96478873239437,35L280.59859154929575,36L289.2323943661971,35L297.86619718309856,36L306.5,36L315.1338028169014,36L323.76760563380276,36L332.4014084507042,35L341.03521126760563,36L349.669014084507,36L358.3028169014084,37L366.9366197183098,36L375.57042253521126,37L384.20422535211264,74L392.838028169014,113L401.47183098591546,113L410.1056338028169,111L418.7394366197183,109L427.37323943661966,107L436.0070422535211,106L444.64084507042253,107L453.2746478873239,129L461.9084507042253,128L470.5422535211267,126L479.17605633802816,125L487.80985915492954,126L496.4436619718309,132L505.07746478873236,158L513.7112676056338,157L522.3450704225352,156L530.9788732394366,256L539.612676056338,255L548.2464788732394,254L556.8802816901408,256L565.5140845070422,254L574.1478873239436,252L582.7816901408451,252L591.4154929577464,251L600.0492957746478,251L608.6830985915493,252","rgb(255, 204, 0)",igc-graph-line-path,2026-05-19T08:51:23Z
hyundai_ioniq_5_77_4_kwh_rwd,"Hyundai IONIQ 5 77,4 kWh RWD",1,"ⵁ Ladeleistung 194,4 kW","M4.316901408450704,95Z","rgb(255, 255, 255)",igc-graph-line-path,2026-05-19T08:51:23Z
mercedes_benz_eqe_350_rwd,Mercedes-Benz EQE 350+ RWD,0,Mercedes-Benz EQE SUV 350+,"M4.330985915492958,37L12.992957746478874,35L21.65492957746479,33L30.316901408450704,33L38.97887323943662,31L47.64084507042254,30L56.302816901408455,29L64.96478873239437,29L73.62676056338029,28L82.2887323943662,29L90.95070422535213,28L99.61267605633803,27L108.27464788732395,27L116.93661971830987,27L125.59859154929578,26L134.2605633802817,26L142.92253521126761,26L151.58450704225353,26L160.24647887323945,26L168.90845070422537,29L177.5704225352113,30L186.23239436619718,33L194.8943661971831,37L203.55633802816902,42L212.21830985915494,46L220.88028169014086,52L229.54225352112678,57L238.2042253521127,63L246.8661971830986,68L255.5281690140845,81L264.1901408450704,102L272.8521126760563,102L281.51408450704224,124L290.17605633802816,123L298.8380281690141,138L307.5,142L316.1619718309859,143L324.82394366197184,143L333.48591549295776,144L342.1478873239437,142L350.8098591549296,148L359.47183098591546,148L368.1338028169014,151L376.7957746478873,161L385.4577464788732,160L394.11971830985914,160L402.78169014084506,158L411.443661971831,158L420.1056338028169,158L428.7676056338028,157L437.42957746478874,156L446.09154929577466,156L454.7535211267606,155L463.4154929577465,155L472.0774647887324,155L480.73943661971833,154L489.4014084507042,157L498.0633802816901,164L506.72535211267603,173L515.387323943662,181L524.0492957746479,190L532.7112676056339,197L541.3732394366198,205L550.0352112676057,214L558.6971830985916,221L567.3591549295775,230L576.0211267605634,238L584.6830985915493,245L593.3450704225353,254L602.0070422535211,262L610.6690140845071,270","rgb(255, 204, 0)",igc-graph-line-path,2026-05-19T08:51:23Z
mercedes_benz_eqe_350_rwd,Mercedes-Benz EQE 350+ RWD,1,"ⵁ Ladeleistung 133,2 kW","M4.330985915492958,114Z","rgb(255, 255, 255)",igc-graph-line-path,2026-05-19T08:51:23Z
hyundai_ioniq_6_77_4_kwh_awd,"Hyundai IONIQ 6 77,4 kWh AWD",0,"Hyundai IONIQ 6 77,4 kWh AWD","M4.316901408450704,257L12.950704225352112,246L21.58450704225352,244L30.218309859154928,244L38.852112676056336,114L47.485915492957744,99L56.11971830985915,97L64.75352112676056,96L73.38732394366197,96L82.02112676056338,96L90.65492957746478,94L99.28873239436619,93L107.9225352112676,94L116.55633802816901,92L125.19014084507042,93L133.82394366197184,93L142.45774647887322,90L151.09154929577466,89L159.72535211267603,89L168.35915492957747,82L176.99295774647885,25L185.6267605633803,23L194.26056338028167,23L202.8943661971831,22L211.52816901408448,23L220.16197183098592,22L228.7957746478873,20L237.42957746478874,18L246.06338028169012,18L254.69718309859155,18L263.33098591549293,16L271.96478873239437,16L280.59859154929575,15L289.2323943661971,16L297.86619718309856,14L306.5,15L315.1338028169014,13L323.76760563380276,14L332.4014084507042,13L341.03521126760563,12L349.669014084507,10L358.3028169014084,11L366.9366197183098,9L375.57042253521126,187L384.20422535211264,184L392.838028169014,146L401.47183098591546,109L410.1056338028169,107L418.7394366197183,108L427.37323943661966,107L436.0070422535211,128L444.64084507042253,126L453.2746478873239,125L461.9084507042253,140L470.5422535211267,161L479.17605633802816,158L487.80985915492954,158L496.4436619718309,158L505.07746478873236,157L513.7112676056338,182L522.3450704225352,183L530.9788732394366,181L539.612676056338,180L548.2464788732394,179L556.8802816901408,180L565.5140845070422,178L574.1478873239436,178L582.7816901408451,177L591.4154929577464,195L600.0492957746478,234L608.6830985915493,255","rgb(255, 204, 0)",igc-graph-line-path,2026-05-19T08:51:23Z
hyundai_ioniq_6_77_4_kwh_awd,"Hyundai IONIQ 6 77,4 kWh AWD",1,"ⵁ Ladeleistung 189,7 kW","M4.316901408450704,105Z","rgb(255, 255, 255)",igc-graph-line-path,2026-05-19T08:51:23Z
mercedes_benz_eqs_580_107_8_kwh,"Mercedes-Benz EQS 580 107,8 kWh",0,"Mercedes-Benz EQS 580 107,8 kWh","M4.316901408450704,49L12.950704225352112,47L21.58450704225352,46L30.218309859154928,46L38.852112676056336,45L47.485915492957744,44L56.11971830985915,43L64.75352112676056,43L73.38732394366197,42L82.02112676056338,41L90.65492957746478,40L99.28873239436619,40L107.9225352112676,39L116.55633802816901,38L125.19014084507042,38L133.82394366197184,38L142.45774647887322,37L151.09154929577466,37L159.72535211267603,37L168.35915492957747,35L176.99295774647885,36L185.6267605633803,37L194.26056338028167,44L202.8943661971831,55L211.52816901408448,65L220.16197183098592,76L228.7957746478873,82L237.42957746478874,85L246.06338028169012,89L254.69718309859155,94L263.33098591549293,97L271.96478873239437,100L280.59859154929575,104L289.2323943661971,108L297.86619718309856,114L306.5,115L315.1338028169014,119L323.76760563380276,125L332.4014084507042,130L341.03521126760563,134L349.669014084507,138L358.3028169014084,143L366.9366197183098,147L375.57042253521126,151L384.20422535211264,157L392.838028169014,161L401.47183098591546,166L410.1056338028169,171L418.7394366197183,175L427.37323943661966,180L436.0070422535211,185L444.64084507042253,189L453.2746478873239,193L461.9084507042253,196L470.5422535211267,202L479.17605633802816,209L487.80985915492954,212L496.4436619718309,218L505.07746478873236,222L513.7112676056338,225L522.3450704225352,230L530.9788732394366,235L539.612676056338,237L548.2464788732394,241L556.8802816901408,244L565.5140845070422,246L574.1478873239436,251L582.7816901408451,253L591.4154929577464,257L600.0492957746478,262L608.6830985915493,270","rgb(255, 204, 0)",igc-graph-line-path,2026-05-19T08:51:23Z
mercedes_benz_eqs_580_107_8_kwh,"Mercedes-Benz EQS 580 107,8 kWh",1,"ⵁ Ladeleistung 167,9 kW","M4.316901408450704,127Z","rgb(255, 255, 255)",igc-graph-line-path,2026-05-19T08:51:23Z
bmw_i7_xdrive60,BMW i7 xDrive60,0,BMW i7 xDrive60,"M4.316901408450704,24L12.950704225352112,20L21.58450704225352,19L30.218309859154928,17L38.852112676056336,16L47.485915492957744,14L56.11971830985915,13L64.75352112676056,12L73.38732394366197,12L82.02112676056338,11L90.65492957746478,11L99.28873239436619,8L107.9225352112676,8L116.55633802816901,7L125.19014084507042,7L133.82394366197184,5L142.45774647887322,5L151.09154929577466,5L159.72535211267603,11L168.35915492957747,17L176.99295774647885,22L185.6267605633803,25L194.26056338028167,31L202.8943661971831,34L211.52816901408448,40L220.16197183098592,44L228.7957746478873,50L237.42957746478874,53L246.06338028169012,51L254.69718309859155,58L263.33098591549293,65L271.96478873239437,73L280.59859154929575,74L289.2323943661971,85L297.86619718309856,92L306.5,92L315.1338028169014,108L323.76760563380276,112L332.4014084507042,120L341.03521126760563,130L349.669014084507,132L358.3028169014084,143L366.9366197183098,144L375.57042253521126,155L384.20422535211264,156L392.838028169014,163L401.47183098591546,166L410.1056338028169,172L418.7394366197183,174L427.37323943661966,177L436.0070422535211,177L444.64084507042253,182L453.2746478873239,185L461.9084507042253,190L470.5422535211267,193L479.17605633802816,195L487.80985915492954,199L496.4436619718309,203L505.07746478873236,207L513.7112676056338,214L522.3450704225352,215L530.9788732394366,226L539.612676056338,232L548.2464788732394,242L556.8802816901408,251L565.5140845070422,257L574.1478873239436,265L582.7816901408451,269L591.4154929577464,272L600.0492957746478,271L608.6830985915493,265","rgb(255, 204, 0)",igc-graph-line-path,2026-05-19T08:51:23Z
bmw_i7_xdrive60,BMW i7 xDrive60,1,"ⵁ Ladeleistung 146,7 kW","M4.316901408450704,111Z","rgb(255, 255, 255)",igc-graph-line-path,2026-05-19T08:51:23Z
tesla_model_x,Tesla Model X,0,Tesla Model X,"M4.316901408450704,109L12.950704225352112,67L21.58450704225352,65L30.218309859154928,64L38.852112676056336,63L47.485915492957744,62L56.11971830985915,61L64.75352112676056,60L73.38732394366197,59L82.02112676056338,58L90.65492957746478,58L99.28873239436619,57L107.9225352112676,56L116.55633802816901,55L125.19014084507042,55L133.82394366197184,55L142.45774647887322,54L151.09154929577466,54L159.72535211267603,52L168.35915492957747,52L176.99295774647885,51L185.6267605633803,51L194.26056338028167,50L202.8943661971831,49L211.52816901408448,49L220.16197183098592,60L228.7957746478873,71L237.42957746478874,80L246.06338028169012,91L254.69718309859155,98L263.33098591549293,110L271.96478873239437,118L280.59859154929575,124L289.2323943661971,133L297.86619718309856,138L306.5,143L315.1338028169014,151L323.76760563380276,155L332.4014084507042,159L341.03521126760563,165L349.669014084507,170L358.3028169014084,177L366.9366197183098,179L375.57042253521126,182L384.20422535211264,186L392.838028169014,191L401.47183098591546,193L410.1056338028169,196L418.7394366197183,200L427.37323943661966,202L436.0070422535211,206L444.64084507042253,210L453.2746478873239,213L461.9084507042253,216L470.5422535211267,220L479.17605633802816,223L487.80985915492954,226L496.4436619718309,230L505.07746478873236,232L513.7112676056338,236L522.3450704225352,240L530.9788732394366,244L539.612676056338,249L548.2464788732394,252L556.8802816901408,255L565.5140845070422,260L574.1478873239436,264L582.7816901408451,266L591.4154929577464,269L600.0492957746478,272L608.6830985915493,274","rgb(255, 204, 0)",igc-graph-line-path,2026-05-19T08:51:23Z
tesla_model_x,Tesla Model X,1,"ⵁ Ladeleistung 151,6 kW","M4.316901408450704,144Z","rgb(255, 255, 255)",igc-graph-line-path,2026-05-19T08:51:23Z
kia_ev6_earth,KIA EV6 Earth,0,KIA EV6 Earth,"M4.316901408450704,76L12.950704225352112,74L21.58450704225352,72L30.218309859154928,71L38.852112676056336,69L47.485915492957744,68L56.11971830985915,67L64.75352112676056,67L73.38732394366197,66L82.02112676056338,65L90.65492957746478,64L99.28873239436619,64L107.9225352112676,63L116.55633802816901,63L125.19014084507042,63L133.82394366197184,62L142.45774647887322,62L151.09154929577466,61L159.72535211267603,61L168.35915492957747,60L176.99295774647885,60L185.6267605633803,59L194.26056338028167,59L202.8943661971831,58L211.52816901408448,58L220.16197183098592,58L228.7957746478873,57L237.42957746478874,56L246.06338028169012,56L254.69718309859155,56L263.33098591549293,55L271.96478873239437,55L280.59859154929575,54L289.2323943661971,54L297.86619718309856,53L306.5,53L315.1338028169014,52L323.76760563380276,52L332.4014084507042,112L341.03521126760563,112L349.669014084507,112L358.3028169014084,111L366.9366197183098,111L375.57042253521126,110L384.20422535211264,112L392.838028169014,109L401.47183098591546,109L410.1056338028169,109L418.7394366197183,122L427.37323943661966,121L436.0070422535211,121L444.64084507042253,121L453.2746478873239,120L461.9084507042253,119L470.5422535211267,162L479.17605633802816,162L487.80985915492954,162L496.4436619718309,161L505.07746478873236,161L513.7112676056338,161L522.3450704225352,160L530.9788732394366,160L539.612676056338,211L548.2464788732394,211L556.8802816901408,210L565.5140845070422,210L574.1478873239436,210L582.7816901408451,210L591.4154929577464,223L600.0492957746478,240L608.6830985915493,249","rgb(255, 204, 0)",igc-graph-line-path,2026-05-19T08:51:23Z
kia_ev6_earth,KIA EV6 Earth,1,"ⵁ Ladeleistung 210,6 kW","M4.316901408450704,104Z","rgb(255, 255, 255)",igc-graph-line-path,2026-05-19T08:51:23Z
vw_id_3_gtx,VW ID.3 GTX,0,VW ID.3 GTX,"M4.316901408450704,53L12.950704225352112,51L21.58450704225352,49L30.218309859154928,47L38.852112676056336,46L47.485915492957744,45L56.11971830985915,44L64.75352112676056,43L73.38732394366197,42L82.02112676056338,42L90.65492957746478,41L99.28873239436619,83L107.9225352112676,122L116.55633802816901,174L125.19014084507042,183L133.82394366197184,192L142.45774647887322,192L151.09154929577466,182L159.72535211267603,181L168.35915492957747,181L176.99295774647885,180L185.6267605633803,181L194.26056338028167,182L202.8943661971831,183L211.52816901408448,184L220.16197183098592,186L228.7957746478873,187L237.42957746478874,191L246.06338028169012,197L254.69718309859155,202L263.33098591549293,208L271.96478873239437,213L280.59859154929575,210L289.2323943661971,215L297.86619718309856,220L306.5,217L315.1338028169014,221L323.76760563380276,219L332.4014084507042,216L341.03521126760563,220L349.669014084507,225L358.3028169014084,222L366.9366197183098,226L375.57042253521126,224L384.20422535211264,228L392.838028169014,225L401.47183098591546,229L410.1056338028169,234L418.7394366197183,226L427.37323943661966,230L436.0070422535211,234L444.64084507042253,232L453.2746478873239,236L461.9084507042253,235L470.5422535211267,239L479.17605633802816,237L487.80985915492954,241L496.4436619718309,236L505.07746478873236,240L513.7112676056338,239L522.3450704225352,244L530.9788732394366,243L539.612676056338,247L548.2464788732394,246L556.8802816901408,251L565.5140845070422,256L574.1478873239436,260L582.7816901408451,264L591.4154929577464,268L600.0492957746478,273L608.6830985915493,278","rgb(255, 204, 0)",igc-graph-line-path,2026-05-19T08:51:23Z
vw_id_3_gtx,VW ID.3 GTX,1,"ⵁ Ladeleistung 121,9 kW","M4.316901408450704,190Z","rgb(255, 255, 255)",igc-graph-line-path,2026-05-19T08:51:23Z
volvo_xc40_recharge_sm_79_kwh,Volvo XC40 Recharge SM 79 kWh,0,Volvo XC40 Recharge SM 79 kWh,"M4.316901408450704,52L12.950704225352112,51L21.58450704225352,51L30.218309859154928,49L38.852112676056336,68L47.485915492957744,68L56.11971830985915,64L64.75352112676056,87L73.38732394366197,84L82.02112676056338,82L90.65492957746478,80L99.28873239436619,77L107.9225352112676,101L116.55633802816901,95L125.19014084507042,93L133.82394366197184,94L142.45774647887322,94L151.09154929577466,95L159.72535211267603,105L168.35915492957747,104L176.99295774647885,104L185.6267605633803,103L194.26056338028167,109L202.8943661971831,108L211.52816901408448,120L220.16197183098592,118L228.7957746478873,118L237.42957746478874,117L246.06338028169012,117L254.69718309859155,126L263.33098591549293,124L271.96478873239437,124L280.59859154929575,133L289.2323943661971,130L297.86619718309856,141L306.5,138L315.1338028169014,135L323.76760563380276,142L332.4014084507042,140L341.03521126760563,139L349.669014084507,143L358.3028169014084,142L366.9366197183098,145L375.57042253521126,147L384.20422535211264,152L392.838028169014,151L401.47183098591546,157L410.1056338028169,155L418.7394366197183,162L427.37323943661966,160L436.0070422535211,166L444.64084507042253,164L453.2746478873239,166L461.9084507042253,171L470.5422535211267,169L479.17605633802816,174L487.80985915492954,173L496.4436619718309,178L505.07746478873236,177L513.7112676056338,182L522.3450704225352,182L530.9788732394366,193L539.612676056338,226L548.2464788732394,222L556.8802816901408,222L565.5140845070422,222L574.1478873239436,238L582.7816901408451,238L591.4154929577464,238L600.0492957746478,241L608.6830985915493,244","rgb(255, 204, 0)",igc-graph-line-path,2026-05-19T08:51:23Z
volvo_xc40_recharge_sm_79_kwh,Volvo XC40 Recharge SM 79 kWh,1,"ⵁ Ladeleistung 132,0 kW","M4.316901408450704,138Z","rgb(255, 255, 255)",igc-graph-line-path,2026-05-19T08:51:23Z
tesla_model_s,Tesla Model S,0,Tesla Model S,"M4.316901408450704,113L12.950704225352112,99L21.58450704225352,75L30.218309859154928,65L38.852112676056336,63L47.485915492957744,63L56.11971830985915,62L64.75352112676056,61L73.38732394366197,60L82.02112676056338,59L90.65492957746478,58L99.28873239436619,58L107.9225352112676,57L116.55633802816901,56L125.19014084507042,55L133.82394366197184,55L142.45774647887322,54L151.09154929577466,54L159.72535211267603,54L168.35915492957747,53L176.99295774647885,52L185.6267605633803,52L194.26056338028167,51L202.8943661971831,50L211.52816901408448,50L220.16197183098592,49L228.7957746478873,48L237.42957746478874,48L246.06338028169012,55L254.69718309859155,68L263.33098591549293,77L271.96478873239437,84L280.59859154929575,91L289.2323943661971,104L297.86619718309856,114L306.5,122L315.1338028169014,130L323.76760563380276,134L332.4014084507042,142L341.03521126760563,150L349.669014084507,156L358.3028169014084,159L366.9366197183098,166L375.57042253521126,170L384.20422535211264,179L392.838028169014,179L401.47183098591546,180L410.1056338028169,183L418.7394366197183,188L427.37323943661966,190L436.0070422535211,194L444.64084507042253,197L453.2746478873239,200L461.9084507042253,204L470.5422535211267,208L479.17605633802816,210L487.80985915492954,214L496.4436619718309,216L505.07746478873236,220L513.7112676056338,224L522.3450704225352,227L530.9788732394366,229L539.612676056338,233L548.2464788732394,235L556.8802816901408,240L565.5140845070422,243L574.1478873239436,246L582.7816901408451,251L591.4154929577464,254L600.0492957746478,257L608.6830985915493,260","rgb(255, 204, 0)",igc-graph-line-path,2026-05-19T08:51:23Z
tesla_model_s,Tesla Model S,1,"ⵁ Ladeleistung 158,8 kW","M4.316901408450704,133Z","rgb(255, 255, 255)",igc-graph-line-path,2026-05-19T08:51:23Z
bmw_i5_edrive40,BMW i5 eDrive40,0,BMW i5 eDrive 40,"M4.316901408450704,65L12.950704225352112,64L21.58450704225352,63L30.218309859154928,62L38.852112676056336,61L47.485915492957744,61L56.11971830985915,61L64.75352112676056,65L73.38732394366197,71L82.02112676056338,75L90.65492957746478,79L99.28873239436619,83L107.9225352112676,86L116.55633802816901,90L125.19014084507042,94L133.82394366197184,98L142.45774647887322,103L151.09154929577466,107L159.72535211267603,110L168.35915492957747,114L176.99295774647885,118L185.6267605633803,121L194.26056338028167,126L202.8943661971831,129L211.52816901408448,133L220.16197183098592,137L228.7957746478873,142L237.42957746478874,144L246.06338028169012,149L254.69718309859155,154L263.33098591549293,158L271.96478873239437,164L280.59859154929575,167L289.2323943661971,171L297.86619718309856,174L306.5,178L315.1338028169014,181L323.76760563380276,184L332.4014084507042,187L341.03521126760563,191L349.669014084507,193L358.3028169014084,197L366.9366197183098,199L375.57042253521126,202L384.20422535211264,205L392.838028169014,206L401.47183098591546,210L410.1056338028169,212L418.7394366197183,213L427.37323943661966,216L436.0070422535211,218L444.64084507042253,220L453.2746478873239,222L461.9084507042253,225L470.5422535211267,226L479.17605633802816,228L487.80985915492954,231L496.4436619718309,233L505.07746478873236,235L513.7112676056338,237L522.3450704225352,239L530.9788732394366,242L539.612676056338,244L548.2464788732394,247L556.8802816901408,250L565.5140845070422,254L574.1478873239436,258L582.7816901408451,261L591.4154929577464,265L600.0492957746478,268L608.6830985915493,271","rgb(255, 204, 0)",igc-graph-line-path,2026-05-19T08:51:23Z
polestar_4_long_range_single_motor,Polestar 4 Long Range Single Motor,0,Polestar 4 Long Range Single Motor,"M4.316901408450704,73L12.950704225352112,72L21.58450704225352,71L30.218309859154928,70L38.852112676056336,69L47.485915492957744,67L56.11971830985915,66L64.75352112676056,65L73.38732394366197,64L82.02112676056338,64L90.65492957746478,63L99.28873239436619,65L107.9225352112676,68L116.55633802816901,71L125.19014084507042,201L133.82394366197184,201L142.45774647887322,201L151.09154929577466,201L159.72535211267603,201L168.35915492957747,201L176.99295774647885,201L185.6267605633803,200L194.26056338028167,200L202.8943661971831,200L211.52816901408448,200L220.16197183098592,199L228.7957746478873,199L237.42957746478874,196L246.06338028169012,192L254.69718309859155,187L263.33098591549293,183L271.96478873239437,178L280.59859154929575,176L289.2323943661971,175L297.86619718309856,175L306.5,175L315.1338028169014,175L323.76760563380276,174L332.4014084507042,175L341.03521126760563,175L349.669014084507,174L358.3028169014084,173L366.9366197183098,173L375.57042253521126,172L384.20422535211264,172L392.838028169014,172L401.47183098591546,171L410.1056338028169,171L418.7394366197183,170L427.37323943661966,170L436.0070422535211,172L444.64084507042253,174L453.2746478873239,177L461.9084507042253,192L470.5422535211267,191L479.17605633802816,191L487.80985915492954,198L496.4436619718309,198L505.07746478873236,198L513.7112676056338,197L522.3450704225352,197L530.9788732394366,204L539.612676056338,204L548.2464788732394,204L556.8802816901408,203L565.5140845070422,203L574.1478873239436,202L582.7816901408451,202L591.4154929577464,201L600.0492957746478,201L608.6830985915493,250","rgb(255, 204, 0)",igc-graph-line-path,2026-05-19T08:51:23Z
polestar_4_long_range_single_motor,Polestar 4 Long Range Single Motor,1,"ⵁ Ladeleistung 136,5 kW","M4.316901408450704,166Z","rgb(255, 255, 255)",igc-graph-line-path,2026-05-19T08:51:23Z
xpeng_g9_awd,XPeng G9 AWD,0,XPeng G9 AWD,"M4.316901408450704,91L12.950704225352112,90L21.58450704225352,33L30.218309859154928,26L38.852112676056336,15L47.485915492957744,9L56.11971830985915,8L64.75352112676056,9L73.38732394366197,9L82.02112676056338,8L90.65492957746478,9L99.28873239436619,9L107.9225352112676,10L116.55633802816901,8L125.19014084507042,9L133.82394366197184,9L142.45774647887322,37L151.09154929577466,34L159.72535211267603,34L168.35915492957747,35L176.99295774647885,34L185.6267605633803,34L194.26056338028167,34L202.8943661971831,34L211.52816901408448,34L220.16197183098592,46L228.7957746478873,59L237.42957746478874,73L246.06338028169012,83L254.69718309859155,93L263.33098591549293,101L271.96478873239437,106L280.59859154929575,111L289.2323943661971,116L297.86619718309856,120L306.5,124L315.1338028169014,126L323.76760563380276,174L332.4014084507042,171L341.03521126760563,171L349.669014084507,171L358.3028169014084,170L366.9366197183098,170L375.57042253521126,169L384.20422535211264,168L392.838028169014,168L401.47183098591546,168L410.1056338028169,167L418.7394366197183,166L427.37323943661966,166L436.0070422535211,186L444.64084507042253,185L453.2746478873239,185L461.9084507042253,184L470.5422535211267,184L479.17605633802816,186L487.80985915492954,186L496.4436619718309,185L505.07746478873236,186L513.7112676056338,169L522.3450704225352,155L530.9788732394366,172L539.612676056338,171L548.2464788732394,171L556.8802816901408,170L565.5140845070422,170L574.1478873239436,170L582.7816901408451,169L591.4154929577464,169L600.0492957746478,169L608.6830985915493,250","rgb(255, 204, 0)",igc-graph-line-path,2026-05-19T08:51:23Z
xpeng_g9_awd,XPeng G9 AWD,1,"ⵁ Ladeleistung 206,0 kW","M4.316901408450704,110Z","rgb(255, 255, 255)",igc-graph-line-path,2026-05-19T08:51:23Z
volvo_ec40_sm_er,Volvo EC40 SM ER,0,Volvo EC40 SM ER,"M4.316901408450704,51L12.950704225352112,49L21.58450704225352,49L30.218309859154928,49L38.852112676056336,67L47.485915492957744,65L56.11971830985915,65L64.75352112676056,89L73.38732394366197,89L82.02112676056338,79L90.65492957746478,77L99.28873239436619,75L107.9225352112676,95L116.55633802816901,92L125.19014084507042,91L133.82394366197184,91L142.45774647887322,92L151.09154929577466,93L159.72535211267603,102L168.35915492957747,102L176.99295774647885,103L185.6267605633803,111L194.26056338028167,109L202.8943661971831,108L211.52816901408448,120L220.16197183098592,118L228.7957746478873,117L237.42957746478874,116L246.06338028169012,124L254.69718309859155,123L263.33098591549293,122L271.96478873239437,122L280.59859154929575,129L289.2323943661971,128L297.86619718309856,136L306.5,144L315.1338028169014,135L323.76760563380276,139L332.4014084507042,138L341.03521126760563,144L349.669014084507,143L358.3028169014084,145L366.9366197183098,148L375.57042253521126,153L384.20422535211264,151L392.838028169014,158L401.47183098591546,156L410.1056338028169,163L418.7394366197183,161L427.37323943661966,162L436.0070422535211,165L444.64084507042253,164L453.2746478873239,166L461.9084507042253,170L470.5422535211267,170L479.17605633802816,174L487.80985915492954,173L496.4436619718309,178L505.07746478873236,178L513.7112676056338,182L522.3450704225352,182L530.9788732394366,192L539.612676056338,227L548.2464788732394,222L556.8802816901408,222L565.5140845070422,222L574.1478873239436,239L582.7816901408451,238L591.4154929577464,238L600.0492957746478,241L608.6830985915493,245","rgb(255, 204, 0)",igc-graph-line-path,2026-05-19T08:51:23Z
volvo_ec40_sm_er,Volvo EC40 SM ER,1,"ⵁ Ladeleistung 132,1 kW","M4.316901408450704,138Z","rgb(255, 255, 255)",igc-graph-line-path,2026-05-19T08:51:23Z
opel_grandland_electric_long_range_gs_97_kwh,Opel Grandland Electric Long Range GS (97 kWh),0,Opel Grandland Electric Long Range GS (97 kWh),"M4.330985915492958,9L12.992957746478874,7L21.65492957746479,2L30.316901408450704,2L38.97887323943662,2L47.64084507042254,3L56.302816901408455,5L64.96478873239437,6L73.62676056338029,7L82.2887323943662,9L90.95070422535213,11L99.61267605633803,11L108.27464788732395,13L116.93661971830987,14L125.59859154929578,15L134.2605633802817,17L142.92253521126761,22L151.58450704225353,27L160.24647887323945,31L168.90845070422537,36L177.5704225352113,41L186.23239436619718,46L194.8943661971831,52L203.55633802816902,59L212.21830985915494,64L220.88028169014086,72L229.54225352112678,77L238.2042253521127,84L246.8661971830986,90L255.5281690140845,96L264.1901408450704,101L272.8521126760563,107L281.51408450704224,112L290.17605633802816,117L298.8380281690141,122L307.5,127L316.1619718309859,133L324.82394366197184,137L333.48591549295776,140L342.1478873239437,144L350.8098591549296,148L359.47183098591546,152L368.1338028169014,156L376.7957746478873,159L385.4577464788732,162L394.11971830985914,165L402.78169014084506,168L411.443661971831,171L420.1056338028169,174L428.7676056338028,177L437.42957746478874,180L446.09154929577466,183L454.7535211267606,186L463.4154929577465,189L472.0774647887324,192L480.73943661971833,197L489.4014084507042,201L498.0633802816901,204L506.72535211267603,209L515.387323943662,212L524.0492957746479,216L532.7112676056339,220L541.3732394366198,223L550.0352112676057,229L558.6971830985916,234L567.3591549295775,236L576.0211267605634,238L584.6830985915493,241L593.3450704225353,243L602.0070422535211,245L610.6690140845071,247","rgb(255, 204, 0)",igc-graph-line-path,2026-05-19T08:51:23Z
opel_grandland_electric_long_range_gs_97_kwh,Opel Grandland Electric Long Range GS (97 kWh),1,"ⵁ Ladeleistung 111,8","M4.330985915492958,117Z","rgb(255, 255, 255)",igc-graph-line-path,2026-05-19T08:51:23Z
hyundai_ioniq_5_77_4_kwh_awd,"Hyundai IONIQ 5 77,4 kWh AWD",0,"Hyundai IONIQ 5 77,4 kWh AWD","M4.316901408450704,112L12.950704225352112,109L21.58450704225352,107L30.218309859154928,106L38.852112676056336,105L47.485915492957744,105L56.11971830985915,105L64.75352112676056,104L73.38732394366197,39L82.02112676056338,38L90.65492957746478,38L99.28873239436619,38L107.9225352112676,36L116.55633802816901,37L125.19014084507042,36L133.82394366197184,35L142.45774647887322,35L151.09154929577466,36L159.72535211267603,35L168.35915492957747,35L176.99295774647885,35L185.6267605633803,35L194.26056338028167,35L202.8943661971831,35L211.52816901408448,36L220.16197183098592,36L228.7957746478873,35L237.42957746478874,35L246.06338028169012,35L254.69718309859155,35L263.33098591549293,35L271.96478873239437,35L280.59859154929575,36L289.2323943661971,35L297.86619718309856,36L306.5,36L315.1338028169014,36L323.76760563380276,36L332.4014084507042,35L341.03521126760563,36L349.669014084507,36L358.3028169014084,37L366.9366197183098,36L375.57042253521126,37L384.20422535211264,74L392.838028169014,113L401.47183098591546,113L410.1056338028169,111L418.7394366197183,109L427.37323943661966,107L436.0070422535211,106L444.64084507042253,107L453.2746478873239,129L461.9084507042253,128L470.5422535211267,126L479.17605633802816,125L487.80985915492954,126L496.4436619718309,132L505.07746478873236,158L513.7112676056338,157L522.3450704225352,156L530.9788732394366,256L539.612676056338,255L548.2464788732394,254L556.8802816901408,256L565.5140845070422,254L574.1478873239436,252L582.7816901408451,252L591.4154929577464,251L600.0492957746478,251L608.6830985915493,252","rgb(255, 204, 0)",igc-graph-line-path,2026-05-19T08:51:23Z
hyundai_ioniq_5_77_4_kwh_awd,"Hyundai IONIQ 5 77,4 kWh AWD",1,"ⵁ Ladeleistung 194,4 kW","M4.316901408450704,95Z","rgb(255, 255, 255)",igc-graph-line-path,2026-05-19T08:51:23Z
bmw_i4_edrive40_80_7_kwh,"BMW i4 eDrive40 80,7 kWh",0,"BMW i4 eDrive40 80,7 kWh","M4.316901408450704,69L12.950704225352112,68L21.58450704225352,67L30.218309859154928,66L38.852112676056336,65L47.485915492957744,64L56.11971830985915,63L64.75352112676056,62L73.38732394366197,61L82.02112676056338,61L90.65492957746478,79L99.28873239436619,77L107.9225352112676,78L116.55633802816901,78L125.19014084507042,75L133.82394366197184,108L142.45774647887322,108L151.09154929577466,108L159.72535211267603,108L168.35915492957747,107L176.99295774647885,106L185.6267605633803,105L194.26056338028167,104L202.8943661971831,145L211.52816901408448,143L220.16197183098592,144L228.7957746478873,141L237.42957746478874,142L246.06338028169012,141L254.69718309859155,151L263.33098591549293,149L271.96478873239437,173L280.59859154929575,171L289.2323943661971,172L297.86619718309856,170L306.5,185L315.1338028169014,185L323.76760563380276,196L332.4014084507042,195L341.03521126760563,207L349.669014084507,205L358.3028169014084,205L366.9366197183098,215L375.57042253521126,215L384.20422535211264,223L392.838028169014,221L401.47183098591546,221L410.1056338028169,229L418.7394366197183,229L427.37323943661966,234L436.0070422535211,234L444.64084507042253,240L453.2746478873239,240L461.9084507042253,242L470.5422535211267,241L479.17605633802816,243L487.80985915492954,243L496.4436619718309,245L505.07746478873236,247L513.7112676056338,247L522.3450704225352,247L530.9788732394366,249L539.612676056338,247L548.2464788732394,251L556.8802816901408,251L565.5140845070422,251L574.1478873239436,265L582.7816901408451,266L591.4154929577464,265L600.0492957746478,265L608.6830985915493,269","rgb(255, 204, 0)",igc-graph-line-path,2026-05-19T08:51:23Z
bmw_i4_edrive40_80_7_kwh,"BMW i4 eDrive40 80,7 kWh",1,"ⵁ Ladeleistung 132,9 kW","M4.316901408450704,171Z","rgb(255, 255, 255)",igc-graph-line-path,2026-05-19T08:51:23Z
vw_id_7_tourer_gtx,VW ID.7 Tourer GTX,0,VW ID.7 Tourer GTX,"M4.316901408450704,51L12.950704225352112,49L21.58450704225352,48L30.218309859154928,47L38.852112676056336,45L47.485915492957744,45L56.11971830985915,44L64.75352112676056,44L73.38732394366197,43L82.02112676056338,43L90.65492957746478,42L99.28873239436619,42L107.9225352112676,41L116.55633802816901,41L125.19014084507042,40L133.82394366197184,40L142.45774647887322,39L151.09154929577466,39L159.72535211267603,38L168.35915492957747,38L176.99295774647885,38L185.6267605633803,38L194.26056338028167,37L202.8943661971831,37L211.52816901408448,36L220.16197183098592,39L228.7957746478873,41L237.42957746478874,43L246.06338028169012,50L254.69718309859155,58L263.33098591549293,66L271.96478873239437,82L280.59859154929575,121L289.2323943661971,143L297.86619718309856,155L306.5,175L315.1338028169014,178L323.76760563380276,171L332.4014084507042,172L341.03521126760563,177L349.669014084507,181L358.3028169014084,179L366.9366197183098,184L375.57042253521126,189L384.20422535211264,194L392.838028169014,192L401.47183098591546,196L410.1056338028169,201L418.7394366197183,200L427.37323943661966,204L436.0070422535211,208L444.64084507042253,201L453.2746478873239,205L461.9084507042253,210L470.5422535211267,208L479.17605633802816,213L487.80985915492954,212L496.4436619718309,216L505.07746478873236,216L513.7112676056338,219L522.3450704225352,225L530.9788732394366,229L539.612676056338,233L548.2464788732394,237L556.8802816901408,241L565.5140845070422,245L574.1478873239436,249L582.7816901408451,253L591.4154929577464,257L600.0492957746478,261L608.6830985915493,265","rgb(255, 204, 0)",igc-graph-line-path,2026-05-19T08:51:23Z
vw_id_7_tourer_gtx,VW ID.7 Tourer GTX,1,"ⵁ Ladeleistung 156,2 kW","M4.316901408450704,133Z","rgb(255, 255, 255)",igc-graph-line-path,2026-05-19T08:51:23Z
ford_capri_extended_range_79_kwh_premium_awd,Ford Capri Extended Range (79 kWh) Premium AWD,0,Ford Capri Extended Range (79 kWh) Premium AWD,"M4.316901408450704,66L12.950704225352112,52L21.58450704225352,49L30.218309859154928,47L38.852112676056336,45L47.485915492957744,45L56.11971830985915,43L64.75352112676056,43L73.38732394366197,42L82.02112676056338,41L90.65492957746478,41L99.28873239436619,40L107.9225352112676,39L116.55633802816901,39L125.19014084507042,38L133.82394366197184,38L142.45774647887322,37L151.09154929577466,37L159.72535211267603,75L168.35915492957747,130L176.99295774647885,175L185.6267605633803,182L194.26056338028167,183L202.8943661971831,184L211.52816901408448,180L220.16197183098592,180L228.7957746478873,179L237.42957746478874,185L246.06338028169012,190L254.69718309859155,196L263.33098591549293,201L271.96478873239437,206L280.59859154929575,210L289.2323943661971,215L297.86619718309856,219L306.5,216L315.1338028169014,221L323.76760563380276,226L332.4014084507042,223L341.03521126760563,220L349.669014084507,225L358.3028169014084,229L366.9366197183098,233L375.57042253521126,231L384.20422535211264,235L392.838028169014,232L401.47183098591546,237L410.1056338028169,234L418.7394366197183,239L427.37323943661966,243L436.0070422535211,235L444.64084507042253,238L453.2746478873239,242L461.9084507042253,241L470.5422535211267,246L479.17605633802816,244L487.80985915492954,248L496.4436619718309,252L505.07746478873236,251L513.7112676056338,246L522.3450704225352,249L530.9788732394366,248L539.612676056338,253L548.2464788732394,252L556.8802816901408,256L565.5140845070422,256L574.1478873239436,260L582.7816901408451,265L591.4154929577464,268L600.0492957746478,273L608.6830985915493,277","rgb(255, 204, 0)",igc-graph-line-path,2026-05-19T08:51:23Z
ford_capri_extended_range_79_kwh_premium_awd,Ford Capri Extended Range (79 kWh) Premium AWD,1,"ⵁ Ladeleistung 127,0 kW","M4.316901408450704,178Z","rgb(255, 255, 255)",igc-graph-line-path,2026-05-19T08:51:23Z
vw_id_7_pro,VW ID.7 Pro,0,VW ID.7 Pro,"M4.316901408450704,33L12.950704225352112,32L21.58450704225352,32L30.218309859154928,30L38.852112676056336,31L47.485915492957744,31L56.11971830985915,30L64.75352112676056,29L73.38732394366197,29L82.02112676056338,29L90.65492957746478,28L99.28873239436619,27L107.9225352112676,27L116.55633802816901,27L125.19014084507042,26L133.82394366197184,26L142.45774647887322,26L151.09154929577466,26L159.72535211267603,25L168.35915492957747,25L176.99295774647885,25L185.6267605633803,24L194.26056338028167,32L202.8943661971831,65L211.52816901408448,65L220.16197183098592,107L228.7957746478873,106L237.42957746478874,107L246.06338028169012,106L254.69718309859155,106L263.33098591549293,105L271.96478873239437,105L280.59859154929575,136L289.2323943661971,151L297.86619718309856,178L306.5,184L315.1338028169014,189L323.76760563380276,200L332.4014084507042,202L341.03521126760563,212L349.669014084507,214L358.3028169014084,217L366.9366197183098,221L375.57042253521126,218L384.20422535211264,222L392.838028169014,221L401.47183098591546,224L410.1056338028169,227L418.7394366197183,223L427.37323943661966,220L436.0070422535211,220L444.64084507042253,226L453.2746478873239,229L461.9084507042253,230L470.5422535211267,236L479.17605633802816,230L487.80985915492954,230L496.4436619718309,236L505.07746478873236,238L513.7112676056338,242L522.3450704225352,234L530.9788732394366,234L539.612676056338,234L548.2464788732394,238L556.8802816901408,242L565.5140845070422,244L574.1478873239436,247L582.7816901408451,250L591.4154929577464,254L600.0492957746478,256L608.6830985915493,259","rgb(255, 204, 0)",igc-graph-line-path,2026-05-19T08:51:23Z
vw_id_7_pro,VW ID.7 Pro,1,"ⵁ Ladeleistung 131,2 kW","M4.316901408450704,143Z","rgb(255, 255, 255)",igc-graph-line-path,2026-05-19T08:51:23Z
bmw_i4_xdrive40_m_sportpaket,BMW i4 xDrive40 M Sportpaket,0,BMW i4 xDrive40 M Sportpaket,"M4.316901408450704,73L12.950704225352112,70L21.58450704225352,68L30.218309859154928,67L38.852112676056336,64L47.485915492957744,64L56.11971830985915,63L64.75352112676056,62L73.38732394366197,61L82.02112676056338,61L90.65492957746478,60L99.28873239436619,59L107.9225352112676,58L116.55633802816901,58L125.19014084507042,57L133.82394366197184,57L142.45774647887322,56L151.09154929577466,56L159.72535211267603,62L168.35915492957747,62L176.99295774647885,67L185.6267605633803,70L194.26056338028167,75L202.8943661971831,79L211.52816901408448,81L220.16197183098592,85L228.7957746478873,91L237.42957746478874,99L246.06338028169012,105L254.69718309859155,110L263.33098591549293,116L271.96478873239437,122L280.59859154929575,128L289.2323943661971,135L297.86619718309856,141L306.5,146L315.1338028169014,150L323.76760563380276,156L332.4014084507042,161L341.03521126760563,166L349.669014084507,172L358.3028169014084,178L366.9366197183098,183L375.57042253521126,187L384.20422535211264,191L392.838028169014,195L401.47183098591546,198L410.1056338028169,202L418.7394366197183,205L427.37323943661966,208L436.0070422535211,210L444.64084507042253,211L453.2746478873239,213L461.9084507042253,214L470.5422535211267,217L479.17605633802816,218L487.80985915492954,220L496.4436619718309,224L505.07746478873236,226L513.7112676056338,230L522.3450704225352,234L530.9788732394366,238L539.612676056338,243L548.2464788732394,248L556.8802816901408,254L565.5140845070422,259L574.1478873239436,264L582.7816901408451,272L591.4154929577464,274L600.0492957746478,276L608.6830985915493,276","rgb(255, 204, 0)",igc-graph-line-path,2026-05-19T08:51:23Z
bmw_i4_xdrive40_m_sportpaket,BMW i4 xDrive40 M Sportpaket,1,"ⵁ Ladeleistung 149,1 kW","M4.316901408450704,147Z","rgb(255, 255, 255)",igc-graph-line-path,2026-05-19T08:51:23Z
nio_et5_100_kwh,NIO ET5 100 kWh,0,NIO ET5 100 kWh,"M4.330985915492958,25L12.992957746478874,22L21.65492957746479,21L30.316901408450704,20L38.97887323943662,19L47.64084507042254,18L56.302816901408455,17L64.96478873239437,17L73.62676056338029,16L82.2887323943662,15L90.95070422535213,14L99.61267605633803,13L108.27464788732395,13L116.93661971830987,14L125.59859154929578,11L134.2605633802817,11L142.92253521126761,10L151.58450704225353,13L160.24647887323945,16L168.90845070422537,27L177.5704225352113,41L186.23239436619718,56L194.8943661971831,67L203.55633802816902,79L212.21830985915494,90L220.88028169014086,100L229.54225352112678,111L238.2042253521127,120L246.8661971830986,129L255.5281690140845,140L264.1901408450704,148L272.8521126760563,157L281.51408450704224,164L290.17605633802816,171L298.8380281690141,175L307.5,180L316.1619718309859,183L324.82394366197184,185L333.48591549295776,183L342.1478873239437,183L350.8098591549296,182L359.47183098591546,181L368.1338028169014,181L376.7957746478873,182L385.4577464788732,182L394.11971830985914,183L402.78169014084506,184L411.443661971831,183L420.1056338028169,183L428.7676056338028,183L437.42957746478874,186L446.09154929577466,189L454.7535211267606,191L463.4154929577465,193L472.0774647887324,197L480.73943661971833,198L489.4014084507042,201L498.0633802816901,201L506.72535211267603,203L515.387323943662,207L524.0492957746479,209L532.7112676056339,215L541.3732394366198,217L550.0352112676057,224L558.6971830985916,231L567.3591549295775,239L576.0211267605634,244L584.6830985915493,250L593.3450704225353,258L602.0070422535211,264L610.6690140845071,271","rgb(255, 204, 0)",igc-graph-line-path,2026-05-19T08:51:23Z
nio_et5_100_kwh,NIO ET5 100 kWh,1,"ⵁ Ladeleistung 102,8 kW","M4.330985915492958,132Z","rgb(255, 255, 255)",igc-graph-line-path,2026-05-19T08:51:23Z
skoda_enyaq_85x_sportline,Skoda Enyaq 85x Sportline,0,Skoda Enyaq 85x Sportline,"M4.330985915492958,27L12.992957746478874,23L21.65492957746479,20L30.316901408450704,18L38.97887323943662,18L47.64084507042254,16L56.302816901408455,15L64.96478873239437,14L73.62676056338029,13L82.2887323943662,13L90.95070422535213,12L99.61267605633803,12L108.27464788732395,11L116.93661971830987,10L125.59859154929578,10L134.2605633802817,10L142.92253521126761,9L151.58450704225353,9L160.24647887323945,9L168.90845070422537,8L177.5704225352113,8L186.23239436619718,9L194.8943661971831,11L203.55633802816902,13L212.21830985915494,14L220.88028169014086,15L229.54225352112678,19L238.2042253521127,23L246.8661971830986,29L255.5281690140845,34L264.1901408450704,40L272.8521126760563,45L281.51408450704224,51L290.17605633802816,57L298.8380281690141,62L307.5,68L316.1619718309859,88L324.82394366197184,116L333.48591549295776,128L342.1478873239437,139L350.8098591549296,152L359.47183098591546,160L368.1338028169014,175L376.7957746478873,181L385.4577464788732,173L394.11971830985914,178L402.78169014084506,177L411.443661971831,183L420.1056338028169,182L428.7676056338028,187L437.42957746478874,186L446.09154929577466,180L454.7535211267606,180L463.4154929577465,185L472.0774647887324,186L480.73943661971833,192L489.4014084507042,193L498.0633802816901,199L506.72535211267603,206L515.387323943662,212L524.0492957746479,219L532.7112676056339,225L541.3732394366198,232L550.0352112676057,238L558.6971830985916,245L567.3591549295775,252L576.0211267605634,256L584.6830985915493,260L593.3450704225353,264L602.0070422535211,268L610.6690140845071,274","rgb(255, 204, 0)",igc-graph-line-path,2026-05-19T08:51:23Z
skoda_enyaq_85x_sportline,Skoda Enyaq 85x Sportline,1,"ⵁ Ladeleistung 135,7 kW","M4.330985915492958,108Z","rgb(255, 255, 255)",igc-graph-line-path,2026-05-19T08:51:23Z
genesis_g80_electrified_awd,Genesis G80 Electrified AWD,0,Genesis G80 Electrified,"M4.338028169014028,285L13.014084507042199,285L21.690140845070367,272L30.36619718309854,263L39.04225352112671,264L47.71830985915488,260L56.394366197183054,256L65.07042253521122,250L73.74647887323938,244L82.42253521126756,242L91.09859154929572,245L99.7746478873239,242L108.45070422535207,242L117.12676056338023,236L125.8028169014084,229L134.47887323943658,225L143.15492957746474,228L151.8309859154929,225L160.5070422535211,222L169.18309859154925,218L177.85915492957741,218L186.5352112676056,213L195.21126760563376,213L203.88732394366193,216L212.56338028169012,206L221.23943661971828,203L229.91549295774644,207L238.5915492957746,202L247.2676056338028,203L255.94366197183095,197L264.61971830985914,192L273.2957746478873,189L281.97183098591546,189L290.6478873239436,194L299.3239436619718,187L307.99999999999994,179L316.67605633802816,181L325.3521126760563,176L334.0281690140845,175L342.70422535211264,169L351.3802816901408,161L360.05633802816897,151L368.7323943661972,141L377.40845070422534,137L386.0845070422535,130L394.76056338028167,132L403.4366197183098,125L412.112676056338,118L420.7887323943662,116L429.46478873239437,109L438.14084507042253,103L446.8169014084507,95L455.49295774647885,95L464.169014084507,88L472.8450704225352,89L481.5211267605634,86L490.19718309859155,76L498.8732394366197,70L507.5492957746479,65L516.2253521126761,62L524.9014084507043,54L533.5774647887325,55L542.2535211267606,48L550.9295774647888,194L559.6056338028169,186L568.2816901408452,189L576.9577464788732,182L585.6338028169015,179L594.3098591549295,174L602.9859154929578,167L611.6619718309859,166","rgb(255, 204, 0)",igc-graph-line-path,2026-05-19T08:51:23Z
genesis_g80_electrified_awd,Genesis G80 Electrified AWD,1,"ⵁ Ladeleistung 174,8 kW","M4.338028169014028,178Z","rgb(255, 255, 255)",igc-graph-line-path,2026-05-19T08:51:23Z
ford_explorer_ev_extended_range_79_kwh_premium_awd,Ford Explorer EV Extended Range (79 kWh) Premium AWD,0,Ford Explorer EV Extended Range (79 kWh) Premium AWD,"M4.316901408450704,48L12.950704225352112,46L21.58450704225352,44L30.218309859154928,43L38.852112676056336,42L47.485915492957744,40L56.11971830985915,39L64.75352112676056,38L73.38732394366197,38L82.02112676056338,37L90.65492957746478,36L99.28873239436619,36L107.9225352112676,35L116.55633802816901,35L125.19014084507042,34L133.82394366197184,34L142.45774647887322,33L151.09154929577466,33L159.72535211267603,32L168.35915492957747,31L176.99295774647885,31L185.6267605633803,30L194.26056338028167,30L202.8943661971831,29L211.52816901408448,31L220.16197183098592,34L228.7957746478873,35L237.42957746478874,37L246.06338028169012,45L254.69718309859155,53L263.33098591549293,61L271.96478873239437,71L280.59859154929575,78L289.2323943661971,87L297.86619718309856,93L306.5,101L315.1338028169014,115L323.76760563380276,138L332.4014084507042,161L341.03521126760563,173L349.669014084507,179L358.3028169014084,184L366.9366197183098,190L375.57042253521126,195L384.20422535211264,193L392.838028169014,198L401.47183098591546,202L410.1056338028169,207L418.7394366197183,206L427.37323943661966,205L436.0070422535211,209L444.64084507042253,214L453.2746478873239,219L461.9084507042253,222L470.5422535211267,228L479.17605633802816,232L487.80985915492954,236L496.4436619718309,241L505.07746478873236,245L513.7112676056338,244L522.3450704225352,248L530.9788732394366,253L539.612676056338,256L548.2464788732394,256L556.8802816901408,260L565.5140845070422,265L574.1478873239436,264L582.7816901408451,268L591.4154929577464,272L600.0492957746478,277L608.6830985915493,281","rgb(255, 204, 0)",igc-graph-line-path,2026-05-19T08:51:23Z
ford_explorer_ev_extended_range_79_kwh_premium_awd,Ford Explorer EV Extended Range (79 kWh) Premium AWD,1,"ⵁ Ladeleistung 145,9 kW","M4.316901408450704,132Z","rgb(255, 255, 255)",igc-graph-line-path,2026-05-19T08:51:23Z
cupra_tavascan_endurance,Cupra Tavascan Endurance,0,Cupra Tavascan Endurance,"M4.330985915492958,49L12.992957746478874,48L21.65492957746479,46L30.316901408450704,44L38.97887323943662,44L47.64084507042254,43L56.302816901408455,48L64.96478873239437,53L73.62676056338029,58L82.2887323943662,63L90.95070422535213,67L99.61267605633803,69L108.27464788732395,69L116.93661971830987,69L125.59859154929578,69L134.2605633802817,67L142.92253521126761,68L151.58450704225353,71L160.24647887323945,73L168.90845070422537,76L177.5704225352113,78L186.23239436619718,80L194.8943661971831,79L203.55633802816902,79L212.21830985915494,78L220.88028169014086,78L229.54225352112678,77L238.2042253521127,82L246.8661971830986,87L255.5281690140845,94L264.1901408450704,100L272.8521126760563,107L281.51408450704224,111L290.17605633802816,110L298.8380281690141,107L307.5,105L316.1619718309859,104L324.82394366197184,104L333.48591549295776,103L342.1478873239437,102L350.8098591549296,101L359.47183098591546,100L368.1338028169014,99L376.7957746478873,98L385.4577464788732,97L394.11971830985914,96L402.78169014084506,95L411.443661971831,93L420.1056338028169,93L428.7676056338028,98L437.42957746478874,105L446.09154929577466,112L454.7535211267606,120L463.4154929577465,128L472.0774647887324,135L480.73943661971833,136L489.4014084507042,138L498.0633802816901,140L506.72535211267603,141L515.387323943662,142L524.0492957746479,146L532.7112676056339,153L541.3732394366198,160L550.0352112676057,166L558.6971830985916,174L567.3591549295775,181L576.0211267605634,190L584.6830985915493,206L593.3450704225353,224L602.0070422535211,241L610.6690140845071,256","rgb(255, 204, 0)",igc-graph-line-path,2026-05-19T08:51:23Z
cupra_tavascan_endurance,Cupra Tavascan Endurance,1,"ⵁ Ladeleistung 124,2","M4.330985915492958,105Z","rgb(255, 255, 255)",igc-graph-line-path,2026-05-19T08:51:23Z
xpeng_p7_awd,XPeng P7 AWD,0,XPeng P7 AWD,"M4.316901408450704,173L12.950704225352112,172L21.58450704225352,172L30.218309859154928,171L38.852112676056336,170L47.485915492957744,170L56.11971830985915,169L64.75352112676056,169L73.38732394366197,149L82.02112676056338,125L90.65492957746478,57L99.28873239436619,55L107.9225352112676,54L116.55633802816901,54L125.19014084507042,53L133.82394366197184,53L142.45774647887322,53L151.09154929577466,52L159.72535211267603,51L168.35915492957747,51L176.99295774647885,51L185.6267605633803,50L194.26056338028167,50L202.8943661971831,49L211.52816901408448,49L220.16197183098592,49L228.7957746478873,48L237.42957746478874,48L246.06338028169012,48L254.69718309859155,47L263.33098591549293,44L271.96478873239437,44L280.59859154929575,42L289.2323943661971,41L297.86619718309856,41L306.5,41L315.1338028169014,90L323.76760563380276,86L332.4014084507042,86L341.03521126760563,85L349.669014084507,133L358.3028169014084,133L366.9366197183098,132L375.57042253521126,131L384.20422535211264,130L392.838028169014,176L401.47183098591546,175L410.1056338028169,168L418.7394366197183,166L427.37323943661966,218L436.0070422535211,218L444.64084507042253,217L453.2746478873239,217L461.9084507042253,216L470.5422535211267,215L479.17605633802816,215L487.80985915492954,214L496.4436619718309,213L505.07746478873236,212L513.7112676056338,211L522.3450704225352,211L530.9788732394366,210L539.612676056338,257L548.2464788732394,251L556.8802816901408,250L565.5140845070422,249L574.1478873239436,248L582.7816901408451,290L591.4154929577464,284L600.0492957746478,283L608.6830985915493,283","rgb(255, 204, 0)",igc-graph-line-path,2026-05-19T08:51:23Z
xpeng_p7_awd,XPeng P7 AWD,1,"ⵁ Ladeleistung 143,4 kW","M4.316901408450704,138Z","rgb(255, 255, 255)",igc-graph-line-path,2026-05-19T08:51:23Z
tesla_model_3_mr_awd,Tesla Model 3 MR AWD,0,Tesla Model 3 MR AWD,"M4.316901408450704,16L12.950704225352112,15L21.58450704225352,14L30.218309859154928,13L38.852112676056336,12L47.485915492957744,12L56.11971830985915,11L64.75352112676056,11L73.38732394366197,10L82.02112676056338,10L90.65492957746478,9L99.28873239436619,13L107.9225352112676,21L116.55633802816901,24L125.19014084507042,27L133.82394366197184,33L142.45774647887322,37L151.09154929577466,41L159.72535211267603,45L168.35915492957747,49L176.99295774647885,55L185.6267605633803,58L194.26056338028167,73L202.8943661971831,75L211.52816901408448,79L220.16197183098592,84L228.7957746478873,87L237.42957746478874,92L246.06338028169012,97L254.69718309859155,127L263.33098591549293,108L271.96478873239437,109L280.59859154929575,112L289.2323943661971,116L297.86619718309856,119L306.5,123L315.1338028169014,128L323.76760563380276,131L332.4014084507042,135L341.03521126760563,139L349.669014084507,143L358.3028169014084,146L366.9366197183098,151L375.57042253521126,153L384.20422535211264,157L392.838028169014,160L401.47183098591546,163L410.1056338028169,166L418.7394366197183,169L427.37323943661966,171L436.0070422535211,173L444.64084507042253,174L453.2746478873239,176L461.9084507042253,178L470.5422535211267,179L479.17605633802816,181L487.80985915492954,183L496.4436619718309,184L505.07746478873236,186L513.7112676056338,187L522.3450704225352,190L530.9788732394366,191L539.612676056338,193L548.2464788732394,196L556.8802816901408,199L565.5140845070422,205L574.1478873239436,211L582.7816901408451,216L591.4154929577464,220L600.0492957746478,224L608.6830985915493,227","rgb(255, 204, 0)",igc-graph-line-path,2026-05-19T08:51:23Z
tesla_model_3_mr_awd,Tesla Model 3 MR AWD,1,"ⵁ Ladeleistung 121,7 kW","M4.316901408450704,114Z","rgb(255, 255, 255)",igc-graph-line-path,2026-05-19T08:51:23Z
audi_q8_e_tron_55_106_kwh,Audi Q8 e-tron 55 106 kWh,0,Audi Q8 e-tron 55 106 kWh,"M4.330985915492958,69L12.992957746478874,64L21.65492957746479,62L30.316901408450704,59L38.97887323943662,57L47.64084507042254,55L56.302816901408455,52L64.96478873239437,50L73.62676056338029,49L82.2887323943662,47L90.95070422535213,46L99.61267605633803,43L108.27464788732395,42L116.93661971830987,40L125.59859154929578,38L134.2605633802817,38L142.92253521126761,33L151.58450704225353,22L160.24647887323945,9L168.90845070422537,8L177.5704225352113,8L186.23239436619718,9L194.8943661971831,8L203.55633802816902,8L212.21830985915494,9L220.88028169014086,8L229.54225352112678,8L238.2042253521127,9L246.8661971830986,8L255.5281690140845,9L264.1901408450704,8L272.8521126760563,9L281.51408450704224,9L290.17605633802816,8L298.8380281690141,8L307.5,9L316.1619718309859,9L324.82394366197184,8L333.48591549295776,9L342.1478873239437,9L350.8098591549296,7L359.47183098591546,8L368.1338028169014,8L376.7957746478873,8L385.4577464788732,7L394.11971830985914,8L402.78169014084506,9L411.443661971831,10L420.1056338028169,8L428.7676056338028,8L437.42957746478874,8L446.09154929577466,8L454.7535211267606,8L463.4154929577465,8L472.0774647887324,8L480.73943661971833,9L489.4014084507042,8L498.0633802816901,9L506.72535211267603,8L515.387323943662,9L524.0492957746479,47L532.7112676056339,92L541.3732394366198,91L550.0352112676057,89L558.6971830985916,133L567.3591549295775,161L576.0211267605634,180L584.6830985915493,203L593.3450704225353,226L602.0070422535211,242L610.6690140845071,267","rgb(255, 204, 0)",igc-graph-line-path,2026-05-19T08:51:23Z
audi_q8_e_tron_55_106_kwh,Audi Q8 e-tron 55 106 kWh,1,"ⵁ Ladeleistung 142,9 kW","M4.330985915492958,41Z","rgb(255, 255, 255)",igc-graph-line-path,2026-05-19T08:51:23Z
skoda_elroq_85,Skoda Elroq 85,0,Skoda Elroq 85,"M4.330985915492958,20L12.992957746478874,18L21.65492957746479,16L30.316901408450704,14L38.97887323943662,11L47.64084507042254,6L56.302816901408455,7L64.96478873239437,8L73.62676056338029,7L82.2887323943662,16L90.95070422535213,23L99.61267605633803,26L108.27464788732395,25L116.93661971830987,19L125.59859154929578,11L134.2605633802817,1L142.92253521126761,8L151.58450704225353,43L160.24647887323945,87L168.90845070422537,131L177.5704225352113,158L186.23239436619718,194L194.8943661971831,206L203.55633802816902,200L212.21830985915494,197L220.88028169014086,189L229.54225352112678,190L238.2042253521127,192L246.8661971830986,196L255.5281690140845,191L264.1901408450704,194L272.8521126760563,197L281.51408450704224,185L290.17605633802816,188L298.8380281690141,184L307.5,188L316.1619718309859,184L324.82394366197184,188L333.48591549295776,186L342.1478873239437,201L350.8098591549296,190L359.47183098591546,185L368.1338028169014,180L376.7957746478873,178L385.4577464788732,179L394.11971830985914,184L402.78169014084506,189L411.443661971831,183L420.1056338028169,188L428.7676056338028,192L437.42957746478874,197L446.09154929577466,196L454.7535211267606,200L463.4154929577465,205L472.0774647887324,204L480.73943661971833,204L489.4014084507042,200L498.0633802816901,204L506.72535211267603,205L515.387323943662,206L524.0492957746479,208L532.7112676056339,216L541.3732394366198,220L550.0352112676057,227L558.6971830985916,234L567.3591549295775,240L576.0211267605634,244L584.6830985915493,247L593.3450704225353,252L602.0070422535211,257L610.6690140845071,261","rgb(255, 204, 0)",igc-graph-line-path,2026-05-19T08:51:23Z
skoda_elroq_85,Skoda Elroq 85,1,"ⵁ Ladeleistung 117,6 kW","M4.330985915492958,152Z","rgb(255, 255, 255)",igc-graph-line-path,2026-05-19T08:51:23Z
byd_sealion_7_excellence_awd,BYD Sealion 7 Excellence AWD,0,BYD Sealion 7 Excellence AWD,"M4.316901408450704,39L12.950704225352112,38L21.58450704225352,39L30.218309859154928,37L38.852112676056336,36L47.485915492957744,36L56.11971830985915,35L64.75352112676056,35L73.38732394366197,44L82.02112676056338,46L90.65492957746478,54L99.28873239436619,62L107.9225352112676,62L116.55633802816901,71L125.19014084507042,80L133.82394366197184,83L142.45774647887322,83L151.09154929577466,86L159.72535211267603,86L168.35915492957747,85L176.99295774647885,91L185.6267605633803,91L194.26056338028167,90L202.8943661971831,97L211.52816901408448,107L220.16197183098592,106L228.7957746478873,106L237.42957746478874,105L246.06338028169012,104L254.69718309859155,104L263.33098591549293,105L271.96478873239437,105L280.59859154929575,105L289.2323943661971,105L297.86619718309856,115L306.5,117L315.1338028169014,119L323.76760563380276,118L332.4014084507042,118L341.03521126760563,118L349.669014084507,119L358.3028169014084,119L366.9366197183098,119L375.57042253521126,119L384.20422535211264,127L392.838028169014,128L401.47183098591546,127L410.1056338028169,126L418.7394366197183,126L427.37323943661966,146L436.0070422535211,147L444.64084507042253,148L453.2746478873239,148L461.9084507042253,148L470.5422535211267,148L479.17605633802816,148L487.80985915492954,147L496.4436619718309,147L505.07746478873236,147L513.7112676056338,147L522.3450704225352,147L530.9788732394366,147L539.612676056338,147L548.2464788732394,148L556.8802816901408,148L565.5140845070422,207L574.1478873239436,205L582.7816901408451,204L591.4154929577464,203L600.0492957746478,204L608.6830985915493,221","rgb(255, 204, 0)",igc-graph-line-path,2026-05-19T08:51:23Z
byd_sealion_7_excellence_awd,BYD Sealion 7 Excellence AWD,1,"ⵁ Ladeleistung 173,1","M4.316901408450704,112Z","rgb(255, 255, 255)",igc-graph-line-path,2026-05-19T08:51:23Z
nio_el8_long_range_executive,NIO EL8 Long Range Executive,0,NIO EL8 Long Range Executive,"M4.330985915492958,20L12.992957746478874,19L21.65492957746479,18L30.316901408450704,17L38.97887323943662,15L47.64084507042254,15L56.302816901408455,14L64.96478873239437,13L73.62676056338029,12L82.2887323943662,12L90.95070422535213,11L99.61267605633803,11L108.27464788732395,10L116.93661971830987,9L125.59859154929578,9L134.2605633802817,8L142.92253521126761,8L151.58450704225353,7L160.24647887323945,9L168.90845070422537,26L177.5704225352113,41L186.23239436619718,53L194.8943661971831,68L203.55633802816902,80L212.21830985915494,91L220.88028169014086,98L229.54225352112678,107L238.2042253521127,116L246.8661971830986,121L255.5281690140845,124L264.1901408450704,131L272.8521126760563,137L281.51408450704224,139L290.17605633802816,140L298.8380281690141,143L307.5,145L316.1619718309859,146L324.82394366197184,145L333.48591549295776,142L342.1478873239437,146L350.8098591549296,144L359.47183098591546,143L368.1338028169014,143L376.7957746478873,144L385.4577464788732,145L394.11971830985914,145L402.78169014084506,143L411.443661971831,145L420.1056338028169,157L428.7676056338028,176L437.42957746478874,197L446.09154929577466,206L454.7535211267606,209L463.4154929577465,212L472.0774647887324,212L480.73943661971833,211L489.4014084507042,211L498.0633802816901,212L506.72535211267603,208L515.387323943662,204L524.0492957746479,200L532.7112676056339,198L541.3732394366198,196L550.0352112676057,194L558.6971830985916,195L567.3591549295775,196L576.0211267605634,198L584.6830985915493,197L593.3450704225353,209L602.0070422535211,239L610.6690140845071,269","rgb(255, 204, 0)",igc-graph-line-path,2026-05-19T08:51:23Z
nio_el8_long_range_executive,NIO EL8 Long Range Executive,1,"ⵁ Ladeleistung 147,5 kW","M4.330985915492958,119Z","rgb(255, 255, 255)",igc-graph-line-path,2026-05-19T08:51:23Z
vw_id_3_77_kwh_facelift,VW ID.3 77 kWh Facelift,0,VW ID.3 77 kWh Facelift,"M4.316901408450704,42L12.950704225352112,41L21.58450704225352,40L30.218309859154928,40L38.852112676056336,40L47.485915492957744,41L56.11971830985915,45L64.75352112676056,49L73.38732394366197,53L82.02112676056338,58L90.65492957746478,62L99.28873239436619,68L107.9225352112676,73L116.55633802816901,77L125.19014084507042,82L133.82394366197184,87L142.45774647887322,97L151.09154929577466,105L159.72535211267603,112L168.35915492957747,119L176.99295774647885,125L185.6267605633803,131L194.26056338028167,137L202.8943661971831,143L211.52816901408448,147L220.16197183098592,153L228.7957746478873,158L237.42957746478874,162L246.06338028169012,167L254.69718309859155,173L263.33098591549293,177L271.96478873239437,183L280.59859154929575,188L289.2323943661971,193L297.86619718309856,197L306.5,202L315.1338028169014,206L323.76760563380276,211L332.4014084507042,215L341.03521126760563,217L349.669014084507,220L358.3028169014084,224L366.9366197183098,226L375.57042253521126,228L384.20422535211264,231L392.838028169014,233L401.47183098591546,236L410.1056338028169,237L418.7394366197183,240L427.37323943661966,244L436.0070422535211,247L444.64084507042253,249L453.2746478873239,252L461.9084507042253,256L470.5422535211267,258L479.17605633802816,259L487.80985915492954,260L496.4436619718309,261L505.07746478873236,261L513.7112676056338,263L522.3450704225352,263L530.9788732394366,263L539.612676056338,263L548.2464788732394,263L556.8802816901408,263L565.5140845070422,264L574.1478873239436,264L582.7816901408451,264L591.4154929577464,265L600.0492957746478,265L608.6830985915493,266","rgb(255, 204, 0)",igc-graph-line-path,2026-05-19T08:51:23Z
vw_id_3_77_kwh_facelift,VW ID.3 77 kWh Facelift,1,"ⵁ Ladeleistung 127,1 kW","M4.316901408450704,177Z","rgb(255, 255, 255)",igc-graph-line-path,2026-05-19T08:51:23Z
renault_scenic_e_tech_220,Renault Scenic E-Tech 220,0,Renault Scenic E-Tech 220,"M4.330985915492958,39L12.992957746478874,38L21.65492957746479,37L30.316901408450704,36L38.97887323943662,82L47.64084507042254,82L56.302816901408455,81L64.96478873239437,80L73.62676056338029,80L82.2887323943662,80L90.95070422535213,79L99.61267605633803,79L108.27464788732395,78L116.93661971830987,78L125.59859154929578,77L134.2605633802817,77L142.92253521126761,77L151.58450704225353,76L160.24647887323945,76L168.90845070422537,76L177.5704225352113,75L186.23239436619718,75L194.8943661971831,74L203.55633802816902,74L212.21830985915494,73L220.88028169014086,73L229.54225352112678,73L238.2042253521127,73L246.8661971830986,77L255.5281690140845,80L264.1901408450704,90L272.8521126760563,90L281.51408450704224,93L290.17605633802816,165L298.8380281690141,165L307.5,165L316.1619718309859,165L324.82394366197184,165L333.48591549295776,164L342.1478873239437,164L350.8098591549296,164L359.47183098591546,163L368.1338028169014,163L376.7957746478873,162L385.4577464788732,162L394.11971830985914,161L402.78169014084506,161L411.443661971831,160L420.1056338028169,160L428.7676056338028,159L437.42957746478874,158L446.09154929577466,158L454.7535211267606,179L463.4154929577465,179L472.0774647887324,174L480.73943661971833,179L489.4014084507042,179L498.0633802816901,178L506.72535211267603,178L515.387323943662,177L524.0492957746479,180L532.7112676056339,188L541.3732394366198,206L550.0352112676057,198L558.6971830985916,206L567.3591549295775,212L576.0211267605634,218L584.6830985915493,236L593.3450704225353,236L602.0070422535211,254L610.6690140845071,254","rgb(255, 204, 0)",igc-graph-line-path,2026-05-19T08:51:23Z
renault_scenic_e_tech_220,Renault Scenic E-Tech 220,1,"ⵁ Ladeleistung 106,1 kW","M4.330985915492958,131Z","rgb(255, 255, 255)",igc-graph-line-path,2026-05-19T08:51:23Z
skoda_enyaq_85x,Skoda Enyaq 85x,0,Skoda Enyaq 85x Sportline,"M4.330985915492958,27L12.992957746478874,23L21.65492957746479,20L30.316901408450704,18L38.97887323943662,18L47.64084507042254,16L56.302816901408455,15L64.96478873239437,14L73.62676056338029,13L82.2887323943662,13L90.95070422535213,12L99.61267605633803,12L108.27464788732395,11L116.93661971830987,10L125.59859154929578,10L134.2605633802817,10L142.92253521126761,9L151.58450704225353,9L160.24647887323945,9L168.90845070422537,8L177.5704225352113,8L186.23239436619718,9L194.8943661971831,11L203.55633802816902,13L212.21830985915494,14L220.88028169014086,15L229.54225352112678,19L238.2042253521127,23L246.8661971830986,29L255.5281690140845,34L264.1901408450704,40L272.8521126760563,45L281.51408450704224,51L290.17605633802816,57L298.8380281690141,62L307.5,68L316.1619718309859,88L324.82394366197184,116L333.48591549295776,128L342.1478873239437,139L350.8098591549296,152L359.47183098591546,160L368.1338028169014,175L376.7957746478873,181L385.4577464788732,173L394.11971830985914,178L402.78169014084506,177L411.443661971831,183L420.1056338028169,182L428.7676056338028,187L437.42957746478874,186L446.09154929577466,180L454.7535211267606,180L463.4154929577465,185L472.0774647887324,186L480.73943661971833,192L489.4014084507042,193L498.0633802816901,199L506.72535211267603,206L515.387323943662,212L524.0492957746479,219L532.7112676056339,225L541.3732394366198,232L550.0352112676057,238L558.6971830985916,245L567.3591549295775,252L576.0211267605634,256L584.6830985915493,260L593.3450704225353,264L602.0070422535211,268L610.6690140845071,274","rgb(255, 204, 0)",igc-graph-line-path,2026-05-19T08:51:23Z
skoda_enyaq_85x,Skoda Enyaq 85x,1,"ⵁ Ladeleistung 135,7 kW","M4.330985915492958,108Z","rgb(255, 255, 255)",igc-graph-line-path,2026-05-19T08:51:23Z
skoda_enyaq_coupe_rs_iv,Skoda Enyaq Coupe RS iV,0,Skoda Enyaq Coupé RS iV,"M4.330985915492958,17L12.992957746478874,15L21.65492957746479,14L30.316901408450704,13L38.97887323943662,12L47.64084507042254,15L56.302816901408455,12L64.96478873239437,8L73.62676056338029,5L82.2887323943662,3L90.95070422535213,10L99.61267605633803,25L108.27464788732395,37L116.93661971830987,50L125.59859154929578,55L134.2605633802817,68L142.92253521126761,76L151.58450704225353,84L160.24647887323945,92L168.90845070422537,99L177.5704225352113,107L186.23239436619718,116L194.8943661971831,119L203.55633802816902,123L212.21830985915494,127L220.88028169014086,133L229.54225352112678,137L238.2042253521127,141L246.8661971830986,147L255.5281690140845,151L264.1901408450704,156L272.8521126760563,160L281.51408450704224,165L290.17605633802816,168L298.8380281690141,172L307.5,175L316.1619718309859,179L324.82394366197184,182L333.48591549295776,183L342.1478873239437,187L350.8098591549296,191L359.47183098591546,195L368.1338028169014,198L376.7957746478873,203L385.4577464788732,206L394.11971830985914,210L402.78169014084506,216L411.443661971831,219L420.1056338028169,223L428.7676056338028,227L437.42957746478874,232L446.09154929577466,236L454.7535211267606,241L463.4154929577465,246L472.0774647887324,251L480.73943661971833,255L489.4014084507042,258L498.0633802816901,262L506.72535211267603,267L515.387323943662,271L524.0492957746479,274L532.7112676056339,275L541.3732394366198,275L550.0352112676057,275L558.6971830985916,275L567.3591549295775,276L576.0211267605634,276L584.6830985915493,279L593.3450704225353,280L602.0070422535211,281L610.6690140845071,282","rgb(255, 204, 0)",igc-graph-line-path,2026-05-19T08:51:23Z
mazda_6e_takumi_plus,Mazda 6e Takumi Plus,0,Mazda 6e Takumi Plus,"M4.330985915492958,15L12.992957746478874,15L21.65492957746479,14L30.316901408450704,11L38.97887323943662,9L47.64084507042254,8L56.302816901408455,9L64.96478873239437,8L73.62676056338029,9L82.2887323943662,8L90.95070422535213,9L99.61267605633803,8L108.27464788732395,8L116.93661971830987,9L125.59859154929578,9L134.2605633802817,8L142.92253521126761,8L151.58450704225353,8L160.24647887323945,8L168.90845070422537,9L177.5704225352113,9L186.23239436619718,9L194.8943661971831,9L203.55633802816902,9L212.21830985915494,9L220.88028169014086,10L229.54225352112678,10L238.2042253521127,10L246.8661971830986,20L255.5281690140845,45L264.1901408450704,77L272.8521126760563,122L281.51408450704224,142L290.17605633802816,152L298.8380281690141,168L307.5,169L316.1619718309859,179L324.82394366197184,185L333.48591549295776,187L342.1478873239437,187L350.8098591549296,188L359.47183098591546,203L368.1338028169014,213L376.7957746478873,212L385.4577464788732,222L394.11971830985914,222L402.78169014084506,227L411.443661971831,239L420.1056338028169,239L428.7676056338028,239L437.42957746478874,241L446.09154929577466,254L454.7535211267606,257L463.4154929577465,257L472.0774647887324,257L480.73943661971833,257L489.4014084507042,257L498.0633802816901,256L506.72535211267603,256L515.387323943662,256L524.0492957746479,256L532.7112676056339,265L541.3732394366198,261L550.0352112676057,260L558.6971830985916,259L567.3591549295775,260L576.0211267605634,273L584.6830985915493,273L593.3450704225353,274L602.0070422535211,274L610.6690140845071,274","rgb(255, 204, 0)",igc-graph-line-path,2026-05-19T08:51:23Z
mazda_6e_takumi_plus,Mazda 6e Takumi Plus,1,"ⵁ Ladeleistung 123,0","M4.330985915492958,135Z","rgb(255, 255, 255)",igc-graph-line-path,2026-05-19T08:51:23Z
mg_mgs5_ev_long_range_luxury,MG MGS5 EV Long Range Luxury,0,MG MGS5 EV Long Range Luxury,"M4.330985915492958,26L12.992957746478874,24L21.65492957746479,23L30.316901408450704,22L38.97887323943662,21L47.64084507042254,20L56.302816901408455,19L64.96478873239437,18L73.62676056338029,17L82.2887323943662,15L90.95070422535213,13L99.61267605633803,12L108.27464788732395,11L116.93661971830987,11L125.59859154929578,10L134.2605633802817,9L142.92253521126761,9L151.58450704225353,9L160.24647887323945,9L168.90845070422537,9L177.5704225352113,9L186.23239436619718,9L194.8943661971831,9L203.55633802816902,9L212.21830985915494,8L220.88028169014086,8L229.54225352112678,8L238.2042253521127,7L246.8661971830986,6L255.5281690140845,6L264.1901408450704,6L272.8521126760563,5L281.51408450704224,4L290.17605633802816,4L298.8380281690141,3L307.5,74L316.1619718309859,74L324.82394366197184,74L333.48591549295776,73L342.1478873239437,73L350.8098591549296,72L359.47183098591546,72L368.1338028169014,71L376.7957746478873,71L385.4577464788732,70L394.11971830985914,71L402.78169014084506,93L411.443661971831,113L420.1056338028169,134L428.7676056338028,151L437.42957746478874,163L446.09154929577466,174L454.7535211267606,185L463.4154929577465,196L472.0774647887324,199L480.73943661971833,202L489.4014084507042,205L498.0633802816901,208L506.72535211267603,211L515.387323943662,214L524.0492957746479,217L532.7112676056339,220L541.3732394366198,223L550.0352112676057,226L558.6971830985916,229L567.3591549295775,232L576.0211267605634,235L584.6830985915493,238L593.3450704225353,241L602.0070422535211,244L610.6690140845071,248","rgb(255, 204, 0)",igc-graph-line-path,2026-05-19T08:51:23Z
mg_mgs5_ev_long_range_luxury,MG MGS5 EV Long Range Luxury,1,"ⵁ Ladeleistung 110,1 kW","M4.330985915492958,87Z","rgb(255, 255, 255)",igc-graph-line-path,2026-05-19T08:51:23Z
nio_et7_100_kwh,NIO ET7 100 kWh,0,NIO ET7 100 kWh,"M4.330985915492958,30L12.992957746478874,30L21.65492957746479,30L30.316901408450704,28L38.97887323943662,26L47.64084507042254,25L56.302816901408455,24L64.96478873239437,22L73.62676056338029,23L82.2887323943662,30L90.95070422535213,44L99.61267605633803,53L108.27464788732395,63L116.93661971830987,74L125.59859154929578,85L134.2605633802817,95L142.92253521126761,103L151.58450704225353,115L160.24647887323945,123L168.90845070422537,131L177.5704225352113,138L186.23239436619718,145L194.8943661971831,152L203.55633802816902,159L212.21830985915494,165L220.88028169014086,172L229.54225352112678,177L238.2042253521127,183L246.8661971830986,188L255.5281690140845,190L264.1901408450704,195L272.8521126760563,194L281.51408450704224,191L290.17605633802816,190L298.8380281690141,189L307.5,189L316.1619718309859,188L324.82394366197184,189L333.48591549295776,189L342.1478873239437,188L350.8098591549296,187L359.47183098591546,186L368.1338028169014,187L376.7957746478873,186L385.4577464788732,187L394.11971830985914,186L402.78169014084506,185L411.443661971831,186L420.1056338028169,185L428.7676056338028,184L437.42957746478874,185L446.09154929577466,189L454.7535211267606,194L463.4154929577465,197L472.0774647887324,200L480.73943661971833,204L489.4014084507042,208L498.0633802816901,211L506.72535211267603,214L515.387323943662,219L524.0492957746479,221L532.7112676056339,226L541.3732394366198,230L550.0352112676057,236L558.6971830985916,241L567.3591549295775,249L576.0211267605634,255L584.6830985915493,262L593.3450704225353,267L602.0070422535211,272L610.6690140845071,278","rgb(255, 204, 0)",igc-graph-line-path,2026-05-19T08:51:23Z
nio_et7_100_kwh,NIO ET7 100 kWh,1,"ⵁ Ladeleistung 97,2 kW","M4.330985915492958,160Z","rgb(255, 255, 255)",igc-graph-line-path,2026-05-19T08:51:23Z
audi_q4_45_e_tron_77_kwh,Audi Q4 45 e-tron 77 kWH,0,Audi Q4 45 e-tron 77 kWH,"M4.330985915492958,50L12.992957746478874,46L21.65492957746479,45L30.316901408450704,43L38.97887323943662,42L47.64084507042254,40L56.302816901408455,40L64.96478873239437,45L73.62676056338029,50L82.2887323943662,54L90.95070422535213,61L99.61267605633803,65L108.27464788732395,65L116.93661971830987,65L125.59859154929578,64L134.2605633802817,63L142.92253521126761,62L151.58450704225353,64L160.24647887323945,67L168.90845070422537,69L177.5704225352113,72L186.23239436619718,74L194.8943661971831,75L203.55633802816902,74L212.21830985915494,73L220.88028169014086,72L229.54225352112678,72L238.2042253521127,72L246.8661971830986,77L255.5281690140845,84L264.1901408450704,90L272.8521126760563,95L281.51408450704224,102L290.17605633802816,104L298.8380281690141,104L307.5,103L316.1619718309859,102L324.82394366197184,100L333.48591549295776,100L342.1478873239437,98L350.8098591549296,97L359.47183098591546,95L368.1338028169014,94L376.7957746478873,93L385.4577464788732,91L394.11971830985914,90L402.78169014084506,88L411.443661971831,86L420.1056338028169,86L428.7676056338028,86L437.42957746478874,93L446.09154929577466,100L454.7535211267606,107L463.4154929577465,116L472.0774647887324,123L480.73943661971833,125L489.4014084507042,126L498.0633802816901,127L506.72535211267603,128L515.387323943662,130L524.0492957746479,133L532.7112676056339,139L541.3732394366198,146L550.0352112676057,154L558.6971830985916,160L567.3591549295775,166L576.0211267605634,174L584.6830985915493,190L593.3450704225353,205L602.0070422535211,224L610.6690140845071,241","rgb(255, 204, 0)",igc-graph-line-path,2026-05-19T08:51:23Z
audi_q4_45_e_tron_77_kwh,Audi Q4 45 e-tron 77 kWH,1,"ⵁ Ladeleistung 126,9 kW","M4.330985915492958,97Z","rgb(255, 255, 255)",igc-graph-line-path,2026-05-19T08:51:23Z
peugeot_e_5008_210_gt_7_sitzer,Peugeot e-5008 210 GT (7-Sitzer),0,Peugeot e-5008 210 GT (7-Sitzer),"M4.330985915492958,48L12.992957746478874,47L21.65492957746479,46L30.316901408450704,45L38.97887323943662,44L47.64084507042254,43L56.302816901408455,42L64.96478873239437,41L73.62676056338029,40L82.2887323943662,40L90.95070422535213,39L99.61267605633803,38L108.27464788732395,38L116.93661971830987,37L125.59859154929578,37L134.2605633802817,37L142.92253521126761,36L151.58450704225353,36L160.24647887323945,35L168.90845070422537,35L177.5704225352113,61L186.23239436619718,87L194.8943661971831,113L203.55633802816902,150L212.21830985915494,157L220.88028169014086,173L229.54225352112678,173L238.2042253521127,165L246.8661971830986,159L255.5281690140845,155L264.1901408450704,155L272.8521126760563,155L281.51408450704224,155L290.17605633802816,162L298.8380281690141,163L307.5,172L316.1619718309859,171L324.82394366197184,171L333.48591549295776,177L342.1478873239437,179L350.8098591549296,179L359.47183098591546,178L368.1338028169014,178L376.7957746478873,186L385.4577464788732,215L394.11971830985914,215L402.78169014084506,207L411.443661971831,208L420.1056338028169,199L428.7676056338028,193L437.42957746478874,235L446.09154929577466,229L454.7535211267606,223L463.4154929577465,217L472.0774647887324,251L480.73943661971833,240L489.4014084507042,235L498.0633802816901,226L506.72535211267603,217L515.387323943662,211L524.0492957746479,211L532.7112676056339,204L541.3732394366198,204L550.0352112676057,204L558.6971830985916,204L567.3591549295775,232L576.0211267605634,232L584.6830985915493,231L593.3450704225353,231L602.0070422535211,231L610.6690140845071,230","rgb(255, 204, 0)",igc-graph-line-path,2026-05-19T08:51:23Z
peugeot_e_5008_210_gt_7_sitzer,Peugeot e-5008 210 GT (7-Sitzer),1,"ⵁ Ladeleistung 109,0 kW","M4.330985915492958,148Z","rgb(255, 255, 255)",igc-graph-line-path,2026-05-19T08:51:23Z
audi_e_tron_gt_quattro,Audi e-tron GT quattro,0,Audi e-tron GT quattro,"M4.316901408450704,50L12.950704225352112,49L21.58450704225352,48L30.218309859154928,48L38.852112676056336,48L47.485915492957744,47L56.11971830985915,46L64.75352112676056,44L73.38732394366197,44L82.02112676056338,44L90.65492957746478,43L99.28873239436619,43L107.9225352112676,42L116.55633802816901,42L125.19014084507042,41L133.82394366197184,40L142.45774647887322,40L151.09154929577466,40L159.72535211267603,40L168.35915492957747,39L176.99295774647885,39L185.6267605633803,39L194.26056338028167,39L202.8943661971831,37L211.52816901408448,37L220.16197183098592,37L228.7957746478873,37L237.42957746478874,37L246.06338028169012,37L254.69718309859155,35L263.33098591549293,35L271.96478873239437,36L280.59859154929575,35L289.2323943661971,36L297.86619718309856,35L306.5,35L315.1338028169014,58L323.76760563380276,58L332.4014084507042,58L341.03521126760563,57L349.669014084507,82L358.3028169014084,82L366.9366197183098,82L375.57042253521126,106L384.20422535211264,106L392.838028169014,106L401.47183098591546,128L410.1056338028169,128L418.7394366197183,127L427.37323943661966,127L436.0070422535211,140L444.64084507042253,140L453.2746478873239,140L461.9084507042253,159L470.5422535211267,148L479.17605633802816,150L487.80985915492954,150L496.4436619718309,161L505.07746478873236,160L513.7112676056338,160L522.3450704225352,172L530.9788732394366,171L539.612676056338,171L548.2464788732394,209L556.8802816901408,208L565.5140845070422,209L574.1478873239436,209L582.7816901408451,208L591.4154929577464,208L600.0492957746478,252L608.6830985915493,253","rgb(255, 204, 0)",igc-graph-line-path,2026-05-19T08:51:23Z
audi_e_tron_gt_quattro,Audi e-tron GT quattro,1,"ⵁ Ladeleistung 221,0 kW","M4.316901408450704,92Z","rgb(255, 255, 255)",igc-graph-line-path,2026-05-19T08:51:23Z
smart_3_premium,smart #3 Premium,0,smart #3 Premium,"M4.330985915492958,205L12.992957746478874,205L21.65492957746479,116L30.316901408450704,95L38.97887323943662,74L47.64084507042254,54L56.302816901408455,33L64.96478873239437,23L73.62676056338029,15L82.2887323943662,15L90.95070422535213,14L99.61267605633803,14L108.27464788732395,13L116.93661971830987,13L125.59859154929578,12L134.2605633802817,12L142.92253521126761,11L151.58450704225353,11L160.24647887323945,10L168.90845070422537,10L177.5704225352113,10L186.23239436619718,9L194.8943661971831,9L203.55633802816902,9L212.21830985915494,8L220.88028169014086,8L229.54225352112678,8L238.2042253521127,7L246.8661971830986,6L255.5281690140845,6L264.1901408450704,37L272.8521126760563,37L281.51408450704224,36L290.17605633802816,36L298.8380281690141,35L307.5,66L316.1619718309859,64L324.82394366197184,64L333.48591549295776,95L342.1478873239437,95L350.8098591549296,94L359.47183098591546,125L368.1338028169014,124L376.7957746478873,124L385.4577464788732,154L394.11971830985914,154L402.78169014084506,153L411.443661971831,153L420.1056338028169,183L428.7676056338028,182L437.42957746478874,182L446.09154929577466,181L454.7535211267606,181L463.4154929577465,181L472.0774647887324,180L480.73943661971833,180L489.4014084507042,180L498.0633802816901,195L506.72535211267603,194L515.387323943662,193L524.0492957746479,193L532.7112676056339,193L541.3732394366198,192L550.0352112676057,192L558.6971830985916,208L567.3591549295775,207L576.0211267605634,207L584.6830985915493,207L593.3450704225353,206L602.0070422535211,206L610.6690140845071,254","rgb(255, 204, 0)",igc-graph-line-path,2026-05-19T08:51:23Z
smart_3_premium,smart #3 Premium,1,"ⵁ Ladeleistung 111,7 kW","M4.330985915492958,101Z","rgb(255, 255, 255)",igc-graph-line-path,2026-05-19T08:51:23Z
mg_4_extended_range,MG 4 Extended Range,0,MG 4 Extended Range,"M4.330985915492958,69L12.992957746478874,68L21.65492957746479,66L30.316901408450704,65L38.97887323943662,64L47.64084507042254,63L56.302816901408455,62L64.96478873239437,61L73.62676056338029,61L82.2887323943662,60L90.95070422535213,60L99.61267605633803,59L108.27464788732395,59L116.93661971830987,58L125.59859154929578,58L134.2605633802817,57L142.92253521126761,57L151.58450704225353,57L160.24647887323945,56L168.90845070422537,61L177.5704225352113,79L186.23239436619718,96L194.8943661971831,110L203.55633802816902,118L212.21830985915494,128L220.88028169014086,135L229.54225352112678,142L238.2042253521127,148L246.8661971830986,152L255.5281690140845,158L264.1901408450704,163L272.8521126760563,168L281.51408450704224,173L290.17605633802816,179L298.8380281690141,183L307.5,185L316.1619718309859,187L324.82394366197184,189L333.48591549295776,192L342.1478873239437,195L350.8098591549296,199L359.47183098591546,202L368.1338028169014,205L376.7957746478873,208L385.4577464788732,211L394.11971830985914,214L402.78169014084506,216L411.443661971831,219L420.1056338028169,221L428.7676056338028,223L437.42957746478874,226L446.09154929577466,228L454.7535211267606,231L463.4154929577465,233L472.0774647887324,235L480.73943661971833,239L489.4014084507042,242L498.0633802816901,245L506.72535211267603,248L515.387323943662,252L524.0492957746479,255L532.7112676056339,259L541.3732394366198,262L550.0352112676057,265L558.6971830985916,269L567.3591549295775,272L576.0211267605634,276L584.6830985915493,279L593.3450704225353,283L602.0070422535211,287L610.6690140845071,291","rgb(255, 204, 0)",igc-graph-line-path,2026-05-19T08:51:23Z
mg_4_extended_range,MG 4 Extended Range,1,"ⵁ Ladeleistung 103,1 kW","M4.330985915492958,166Z","rgb(255, 255, 255)",igc-graph-line-path,2026-05-19T08:51:23Z
bmw_ix2_xdrive30,BMW iX2 xDrive30,0,BMW iX2 xDrive30,"M4.330985915492958,41L12.992957746478874,39L21.65492957746479,39L30.316901408450704,37L38.97887323943662,37L47.64084507042254,36L56.302816901408455,35L64.96478873239437,35L73.62676056338029,34L82.2887323943662,34L90.95070422535213,35L99.61267605633803,38L108.27464788732395,40L116.93661971830987,41L125.59859154929578,44L134.2605633802817,43L142.92253521126761,46L151.58450704225353,46L160.24647887323945,46L168.90845070422537,45L177.5704225352113,44L186.23239436619718,44L194.8943661971831,43L203.55633802816902,43L212.21830985915494,42L220.88028169014086,42L229.54225352112678,43L238.2042253521127,44L246.8661971830986,45L255.5281690140845,45L264.1901408450704,47L272.8521126760563,50L281.51408450704224,52L290.17605633802816,55L298.8380281690141,63L307.5,70L316.1619718309859,77L324.82394366197184,86L333.48591549295776,93L342.1478873239437,99L350.8098591549296,104L359.47183098591546,110L368.1338028169014,115L376.7957746478873,120L385.4577464788732,126L394.11971830985914,131L402.78169014084506,137L411.443661971831,140L420.1056338028169,143L428.7676056338028,146L437.42957746478874,150L446.09154929577466,155L454.7535211267606,160L463.4154929577465,165L472.0774647887324,171L480.73943661971833,175L489.4014084507042,176L498.0633802816901,179L506.72535211267603,182L515.387323943662,186L524.0492957746479,192L532.7112676056339,197L541.3732394366198,204L550.0352112676057,210L558.6971830985916,213L567.3591549295775,215L576.0211267605634,218L584.6830985915493,218L593.3450704225353,218L602.0070422535211,225L610.6690140845071,285","rgb(255, 204, 0)",igc-graph-line-path,2026-05-19T08:51:23Z
bmw_ix2_xdrive30,BMW iX2 xDrive30,1,"ⵁ Ladeleistung 104,9 kW","M4.330985915492958,102Z","rgb(255, 255, 255)",igc-graph-line-path,2026-05-19T08:51:23Z
hyundai_ioniq_5_n,Hyundai IONIQ 5 N,0,Hyundai IONIQ 5 N,"M4.316901408450704,73L12.950704225352112,85L21.58450704225352,70L30.218309859154928,69L38.852112676056336,68L47.485915492957744,68L56.11971830985915,66L64.75352112676056,67L73.38732394366197,66L82.02112676056338,65L90.65492957746478,64L99.28873239436619,64L107.9225352112676,63L116.55633802816901,63L125.19014084507042,62L133.82394366197184,62L142.45774647887322,62L151.09154929577466,62L159.72535211267603,61L168.35915492957747,59L176.99295774647885,60L185.6267605633803,59L194.26056338028167,57L202.8943661971831,57L211.52816901408448,55L220.16197183098592,55L228.7957746478873,54L237.42957746478874,54L246.06338028169012,54L254.69718309859155,53L263.33098591549293,53L271.96478873239437,52L280.59859154929575,53L289.2323943661971,51L297.86619718309856,51L306.5,50L315.1338028169014,49L323.76760563380276,48L332.4014084507042,48L341.03521126760563,47L349.669014084507,47L358.3028169014084,47L366.9366197183098,46L375.57042253521126,46L384.20422535211264,107L392.838028169014,107L401.47183098591546,106L410.1056338028169,106L418.7394366197183,105L427.37323943661966,105L436.0070422535211,118L444.64084507042253,212L453.2746478873239,212L461.9084507042253,212L470.5422535211267,212L479.17605633802816,211L487.80985915492954,211L496.4436619718309,210L505.07746478873236,211L513.7112676056338,210L522.3450704225352,210L530.9788732394366,209L539.612676056338,209L548.2464788732394,209L556.8802816901408,209L565.5140845070422,208L574.1478873239436,208L582.7816901408451,208L591.4154929577464,231L600.0492957746478,243L608.6830985915493,253","rgb(255, 204, 0)",igc-graph-line-path,2026-05-19T08:51:23Z
hyundai_ioniq_5_n,Hyundai IONIQ 5 N,1,"ⵁ Ladeleistung 208,1 kW","M4.316901408450704,107Z","rgb(255, 255, 255)",igc-graph-line-path,2026-05-19T08:51:23Z
ford_mustang_mach_e_extended_range_rwd,Ford Mustang Mach-E Extended Range RWD,0,Ford Mustang Mach-E Range RWD,"M4.330985915492958,7L12.992957746478874,5L21.65492957746479,25L30.316901408450704,131L38.97887323943662,142L47.64084507042254,142L56.302816901408455,142L64.96478873239437,142L73.62676056338029,163L82.2887323943662,161L90.95070422535213,161L99.61267605633803,160L108.27464788732395,160L116.93661971830987,159L125.59859154929578,159L134.2605633802817,159L142.92253521126761,158L151.58450704225353,158L160.24647887323945,158L168.90845070422537,157L177.5704225352113,181L186.23239436619718,167L194.8943661971831,210L203.55633802816902,211L212.21830985915494,201L220.88028169014086,222L229.54225352112678,216L238.2042253521127,190L246.8661971830986,209L255.5281690140845,225L264.1901408450704,223L272.8521126760563,187L281.51408450704224,212L290.17605633802816,236L298.8380281690141,196L307.5,196L316.1619718309859,193L324.82394366197184,217L333.48591549295776,225L342.1478873239437,227L350.8098591549296,229L359.47183098591546,230L368.1338028169014,215L376.7957746478873,195L385.4577464788732,222L394.11971830985914,241L402.78169014084506,218L411.443661971831,229L420.1056338028169,191L428.7676056338028,211L437.42957746478874,238L446.09154929577466,224L454.7535211267606,205L463.4154929577465,196L472.0774647887324,212L480.73943661971833,218L489.4014084507042,227L498.0633802816901,232L506.72535211267603,234L515.387323943662,236L524.0492957746479,237L532.7112676056339,237L541.3732394366198,236L550.0352112676057,236L558.6971830985916,235L567.3591549295775,235L576.0211267605634,234L584.6830985915493,234L593.3450704225353,233L602.0070422535211,233L610.6690140845071,252","rgb(255, 204, 0)",igc-graph-line-path,2026-05-19T08:51:23Z
ford_mustang_mach_e_extended_range_rwd,Ford Mustang Mach-E Extended Range RWD,1,"ⵁ Ladeleistung 93,5 kW","M4.330985915492958,194Z","rgb(255, 255, 255)",igc-graph-line-path,2026-05-19T08:51:23Z
tesla_model_y_mr,Tesla Model Y MR,0,Tesla Model Y Maximum Range,"M4.316901408450704,17L12.950704225352112,16L21.58450704225352,15L30.218309859154928,14L38.852112676056336,14L47.485915492957744,13L56.11971830985915,13L64.75352112676056,12L73.38732394366197,11L82.02112676056338,13L90.65492957746478,17L99.28873239436619,22L107.9225352112676,24L116.55633802816901,28L125.19014084507042,34L133.82394366197184,38L142.45774647887322,43L151.09154929577466,46L159.72535211267603,51L168.35915492957747,57L176.99295774647885,62L185.6267605633803,66L194.26056338028167,71L202.8943661971831,74L211.52816901408448,78L220.16197183098592,84L228.7957746478873,89L237.42957746478874,94L246.06338028169012,97L254.69718309859155,99L263.33098591549293,103L271.96478873239437,107L280.59859154929575,110L289.2323943661971,114L297.86619718309856,117L306.5,121L315.1338028169014,123L323.76760563380276,127L332.4014084507042,131L341.03521126760563,133L349.669014084507,137L358.3028169014084,141L366.9366197183098,145L375.57042253521126,148L384.20422535211264,152L392.838028169014,155L401.47183098591546,157L410.1056338028169,160L418.7394366197183,163L427.37323943661966,166L436.0070422535211,170L444.64084507042253,172L453.2746478873239,173L461.9084507042253,175L470.5422535211267,176L479.17605633802816,178L487.80985915492954,179L496.4436619718309,181L505.07746478873236,183L513.7112676056338,184L522.3450704225352,187L530.9788732394366,187L539.612676056338,190L548.2464788732394,193L556.8802816901408,195L565.5140845070422,199L574.1478873239436,203L582.7816901408451,210L591.4154929577464,214L600.0492957746478,218L608.6830985915493,222","rgb(255, 204, 0)",igc-graph-line-path,2026-05-19T08:51:23Z
genesis_gv_60_awd,Genesis GV 60 AWD,0,Genesis GV 60 AWD ,"M4.316901408450704,45L12.950704225352112,43L21.58450704225352,42L30.218309859154928,41L38.852112676056336,39L47.485915492957744,38L56.11971830985915,39L64.75352112676056,39L73.38732394366197,37L82.02112676056338,37L90.65492957746478,36L99.28873239436619,36L107.9225352112676,35L116.55633802816901,33L125.19014084507042,34L133.82394366197184,33L142.45774647887322,33L151.09154929577466,32L159.72535211267603,32L168.35915492957747,33L176.99295774647885,33L185.6267605633803,33L194.26056338028167,33L202.8943661971831,33L211.52816901408448,33L220.16197183098592,34L228.7957746478873,34L237.42957746478874,33L246.06338028169012,33L254.69718309859155,34L263.33098591549293,34L271.96478873239437,34L280.59859154929575,34L289.2323943661971,35L297.86619718309856,35L306.5,34L315.1338028169014,34L323.76760563380276,35L332.4014084507042,34L341.03521126760563,35L349.669014084507,35L358.3028169014084,111L366.9366197183098,110L375.57042253521126,111L384.20422535211264,109L392.838028169014,110L401.47183098591546,108L410.1056338028169,108L418.7394366197183,106L427.37323943661966,106L436.0070422535211,106L444.64084507042253,104L453.2746478873239,125L461.9084507042253,125L470.5422535211267,145L479.17605633802816,258L487.80985915492954,256L496.4436619718309,256L505.07746478873236,255L513.7112676056338,254L522.3450704225352,255L530.9788732394366,255L539.612676056338,253L548.2464788732394,253L556.8802816901408,253L565.5140845070422,252L574.1478873239436,251L582.7816901408451,250L591.4154929577464,250L600.0492957746478,250L608.6830985915493,249","rgb(255, 204, 0)",igc-graph-line-path,2026-05-19T08:51:23Z
genesis_gv_60_awd,Genesis GV 60 AWD,1,"ⵁ Ladeleistung 192,2 kW","M4.316901408450704,100Z","rgb(255, 255, 255)",igc-graph-line-path,2026-05-19T08:51:23Z
mg_4_electric_luxury,MG 4 Electric Luxury,0,MG 4 Electric Luxury,"M4.330985915492958,63L12.992957746478874,62L21.65492957746479,61L30.316901408450704,60L38.97887323943662,59L47.64084507042254,59L56.302816901408455,58L64.96478873239437,57L73.62676056338029,57L82.2887323943662,56L90.95070422535213,56L99.61267605633803,56L108.27464788732395,55L116.93661971830987,55L125.59859154929578,55L134.2605633802817,55L142.92253521126761,55L151.58450704225353,55L160.24647887323945,54L168.90845070422537,54L177.5704225352113,53L186.23239436619718,54L194.8943661971831,53L203.55633802816902,53L212.21830985915494,53L220.88028169014086,53L229.54225352112678,52L238.2042253521127,52L246.8661971830986,52L255.5281690140845,52L264.1901408450704,51L272.8521126760563,51L281.51408450704224,50L290.17605633802816,50L298.8380281690141,50L307.5,49L316.1619718309859,49L324.82394366197184,49L333.48591549295776,48L342.1478873239437,48L350.8098591549296,47L359.47183098591546,58L368.1338028169014,73L376.7957746478873,95L385.4577464788732,112L394.11971830985914,131L402.78169014084506,146L411.443661971831,154L420.1056338028169,159L428.7676056338028,164L437.42957746478874,170L446.09154929577466,177L454.7535211267606,186L463.4154929577465,197L472.0774647887324,219L480.73943661971833,217L489.4014084507042,216L498.0633802816901,217L506.72535211267603,220L515.387323943662,222L524.0492957746479,225L532.7112676056339,227L541.3732394366198,229L550.0352112676057,238L558.6971830985916,239L567.3591549295775,238L576.0211267605634,240L584.6830985915493,242L593.3450704225353,245L602.0070422535211,247L610.6690140845071,249","rgb(255, 204, 0)",igc-graph-line-path,2026-05-19T08:51:23Z
mg_4_electric_luxury,MG 4 Electric Luxury,1,"ⵁ Ladeleistung 113,9 kW","M4.330985915492958,112Z","rgb(255, 255, 255)",igc-graph-line-path,2026-05-19T08:51:23Z
peugeot_e_3008_210_gt,Peugeot e-3008 210 GT,0,Peugeot e-3008 210 GT,"M4.330985915492958,202L12.992957746478874,196L21.65492957746479,190L30.316901408450704,185L38.97887323943662,179L47.64084507042254,169L56.302816901408455,156L64.96478873239437,148L73.62676056338029,136L82.2887323943662,126L90.95070422535213,114L99.61267605633803,101L108.27464788732395,90L116.93661971830987,78L125.59859154929578,64L134.2605633802817,53L142.92253521126761,46L151.58450704225353,38L160.24647887323945,82L168.90845070422537,83L177.5704225352113,83L186.23239436619718,83L194.8943661971831,83L203.55633802816902,83L212.21830985915494,84L220.88028169014086,83L229.54225352112678,76L238.2042253521127,52L246.8661971830986,125L255.5281690140845,126L264.1901408450704,133L272.8521126760563,131L281.51408450704224,130L290.17605633802816,130L298.8380281690141,129L307.5,129L316.1619718309859,129L324.82394366197184,128L333.48591549295776,192L342.1478873239437,192L350.8098591549296,192L359.47183098591546,191L368.1338028169014,191L376.7957746478873,207L385.4577464788732,207L394.11971830985914,204L402.78169014084506,203L411.443661971831,201L420.1056338028169,221L428.7676056338028,219L437.42957746478874,218L446.09154929577466,217L454.7535211267606,216L463.4154929577465,215L472.0774647887324,213L480.73943661971833,213L489.4014084507042,212L498.0633802816901,211L506.72535211267603,211L515.387323943662,233L524.0492957746479,233L532.7112676056339,233L541.3732394366198,233L550.0352112676057,233L558.6971830985916,232L567.3591549295775,263L576.0211267605634,262L584.6830985915493,262L593.3450704225353,262L602.0070422535211,267L610.6690140845071,268","rgb(255, 204, 0)",igc-graph-line-path,2026-05-19T08:51:23Z
peugeot_e_3008_210_gt,Peugeot e-3008 210 GT,1,"ⵁ Ladeleistung 92,4 kW","M4.330985915492958,164Z","rgb(255, 255, 255)",igc-graph-line-path,2026-05-19T08:51:23Z
smart_1_premium,smart #1 Premium,0,smart #1 Premium,"M4.330985915492958,142L12.992957746478874,126L21.65492957746479,111L30.316901408450704,102L38.97887323943662,87L47.64084507042254,63L56.302816901408455,51L64.96478873239437,27L73.62676056338029,27L82.2887323943662,12L90.95070422535213,11L99.61267605633803,11L108.27464788732395,10L116.93661971830987,10L125.59859154929578,10L134.2605633802817,9L142.92253521126761,9L151.58450704225353,42L160.24647887323945,44L168.90845070422537,44L177.5704225352113,43L186.23239436619718,42L194.8943661971831,42L203.55633802816902,42L212.21830985915494,41L220.88028169014086,41L229.54225352112678,42L238.2042253521127,79L246.8661971830986,78L255.5281690140845,78L264.1901408450704,78L272.8521126760563,76L281.51408450704224,76L290.17605633802816,112L298.8380281690141,112L307.5,111L316.1619718309859,111L324.82394366197184,112L333.48591549295776,112L342.1478873239437,147L350.8098591549296,147L359.47183098591546,147L368.1338028169014,146L376.7957746478873,146L385.4577464788732,182L394.11971830985914,181L402.78169014084506,181L411.443661971831,181L420.1056338028169,180L428.7676056338028,180L437.42957746478874,215L446.09154929577466,214L454.7535211267606,214L463.4154929577465,213L472.0774647887324,213L480.73943661971833,213L489.4014084507042,212L498.0633802816901,212L506.72535211267603,211L515.387323943662,229L524.0492957746479,228L532.7112676056339,228L541.3732394366198,227L550.0352112676057,226L558.6971830985916,226L567.3591549295775,225L576.0211267605634,244L584.6830985915493,243L593.3450704225353,243L602.0070422535211,243L610.6690140845071,242","rgb(255, 204, 0)",igc-graph-line-path,2026-05-19T08:51:23Z
smart_1_premium,smart #1 Premium,1,"ⵁ Ladeleistung 108,4 kW","M4.330985915492958,126Z","rgb(255, 255, 255)",igc-graph-line-path,2026-05-19T08:51:23Z
genesis_gv70_electrified,Genesis GV70 Electrified,0,Genesis GV70 Electrified,"M4.316901408450704,87L12.950704225352112,86L21.58450704225352,86L30.218309859154928,85L38.852112676056336,85L47.485915492957744,84L56.11971830985915,83L64.75352112676056,83L73.38732394366197,82L82.02112676056338,83L90.65492957746478,82L99.28873239436619,81L107.9225352112676,81L116.55633802816901,82L125.19014084507042,81L133.82394366197184,80L142.45774647887322,81L151.09154929577466,40L159.72535211267603,40L168.35915492957747,40L176.99295774647885,40L185.6267605633803,39L194.26056338028167,40L202.8943661971831,40L211.52816901408448,40L220.16197183098592,40L228.7957746478873,40L237.42957746478874,40L246.06338028169012,40L254.69718309859155,40L263.33098591549293,40L271.96478873239437,41L280.59859154929575,40L289.2323943661971,40L297.86619718309856,40L306.5,41L315.1338028169014,40L323.76760563380276,41L332.4014084507042,40L341.03521126760563,41L349.669014084507,41L358.3028169014084,40L366.9366197183098,40L375.57042253521126,41L384.20422535211264,41L392.838028169014,41L401.47183098591546,40L410.1056338028169,43L418.7394366197183,153L427.37323943661966,107L436.0070422535211,235L444.64084507042253,238L453.2746478873239,238L461.9084507042253,238L470.5422535211267,238L479.17605633802816,238L487.80985915492954,238L496.4436619718309,237L505.07746478873236,237L513.7112676056338,238L522.3450704225352,236L530.9788732394366,235L539.612676056338,235L548.2464788732394,235L556.8802816901408,235L565.5140845070422,246L574.1478873239436,247L582.7816901408451,247L591.4154929577464,247L600.0492957746478,246L608.6830985915493,255","rgb(255, 204, 0)",igc-graph-line-path,2026-05-19T08:51:23Z
genesis_gv70_electrified,Genesis GV70 Electrified,1,"ⵁ Ladeleistung 173,2 kW","M4.316901408450704,112Z","rgb(255, 255, 255)",igc-graph-line-path,2026-05-19T08:51:23Z
toyota_bz4x,Toyota bZ4X,0,Toyota bZ4X,"M4.330985915492958,37L12.992957746478874,37L21.65492957746479,36L30.316901408450704,36L38.97887323943662,36L47.64084507042254,35L56.302816901408455,35L64.96478873239437,34L73.62676056338029,35L82.2887323943662,34L90.95070422535213,34L99.61267605633803,33L108.27464788732395,32L116.93661971830987,32L125.59859154929578,32L134.2605633802817,31L142.92253521126761,31L151.58450704225353,31L160.24647887323945,31L168.90845070422537,31L177.5704225352113,39L186.23239436619718,45L194.8943661971831,52L203.55633802816902,59L212.21830985915494,67L220.88028169014086,73L229.54225352112678,79L238.2042253521127,84L246.8661971830986,90L255.5281690140845,96L264.1901408450704,102L272.8521126760563,106L281.51408450704224,112L290.17605633802816,116L298.8380281690141,121L307.5,126L316.1619718309859,131L324.82394366197184,135L333.48591549295776,140L342.1478873239437,144L350.8098591549296,149L359.47183098591546,153L368.1338028169014,158L376.7957746478873,164L385.4577464788732,168L394.11971830985914,173L402.78169014084506,178L411.443661971831,182L420.1056338028169,187L428.7676056338028,191L437.42957746478874,196L446.09154929577466,200L454.7535211267606,204L463.4154929577465,207L472.0774647887324,210L480.73943661971833,212L489.4014084507042,215L498.0633802816901,218L506.72535211267603,220L515.387323943662,224L524.0492957746479,227L532.7112676056339,231L541.3732394366198,234L550.0352112676057,237L558.6971830985916,239L567.3591549295775,242L576.0211267605634,244L584.6830985915493,246L593.3450704225353,248L602.0070422535211,251L610.6690140845071,253","rgb(255, 204, 0)",igc-graph-line-path,2026-05-19T08:51:23Z
toyota_bz4x,Toyota bZ4X,1,"ⵁ Ladeleistung 98,9 kW","M4.330985915492958,127Z","rgb(255, 255, 255)",igc-graph-line-path,2026-05-19T08:51:23Z
bmw_ix3,BMW iX3,0,BMW iX3,"M4.330985915492958,14L12.992957746478874,14L21.65492957746479,13L30.316901408450704,12L38.97887323943662,11L47.64084507042254,11L56.302816901408455,29L64.96478873239437,28L73.62676056338029,28L82.2887323943662,27L90.95070422535213,27L99.61267605633803,27L108.27464788732395,26L116.93661971830987,26L125.59859154929578,25L134.2605633802817,25L142.92253521126761,25L151.58450704225353,35L160.24647887323945,33L168.90845070422537,33L177.5704225352113,32L186.23239436619718,31L194.8943661971831,31L203.55633802816902,45L212.21830985915494,82L220.88028169014086,82L229.54225352112678,81L238.2042253521127,90L246.8661971830986,80L255.5281690140845,98L264.1901408450704,79L272.8521126760563,97L281.51408450704224,96L290.17605633802816,77L298.8380281690141,95L307.5,94L316.1619718309859,96L324.82394366197184,95L333.48591549295776,95L342.1478873239437,94L350.8098591549296,93L359.47183098591546,92L368.1338028169014,91L376.7957746478873,90L385.4577464788732,129L394.11971830985914,127L402.78169014084506,127L411.443661971831,126L420.1056338028169,126L428.7676056338028,125L437.42957746478874,124L446.09154929577466,124L454.7535211267606,164L463.4154929577465,161L472.0774647887324,161L480.73943661971833,160L489.4014084507042,160L498.0633802816901,159L506.72535211267603,159L515.387323943662,158L524.0492957746479,158L532.7112676056339,196L541.3732394366198,195L550.0352112676057,195L558.6971830985916,195L567.3591549295775,247L576.0211267605634,242L584.6830985915493,242L593.3450704225353,242L602.0070422535211,274L610.6690140845071,274","rgb(255, 204, 0)",igc-graph-line-path,2026-05-19T08:51:23Z
bmw_ix3,BMW iX3,1,"ⵁ Ladeleistung 118,6 kW","M4.330985915492958,101Z","rgb(255, 255, 255)",igc-graph-line-path,2026-05-19T08:51:23Z
vw_id_5_pro_performance,VW ID.5 Pro Performance,0,VW ID.5 Pro Performance,"M4.330985915492958,50L12.992957746478874,47L21.65492957746479,42L30.316901408450704,39L38.97887323943662,41L47.64084507042254,46L56.302816901408455,50L64.96478873239437,55L73.62676056338029,59L82.2887323943662,63L90.95070422535213,62L99.61267605633803,60L108.27464788732395,59L116.93661971830987,57L125.59859154929578,57L134.2605633802817,55L142.92253521126761,57L151.58450704225353,60L160.24647887323945,61L168.90845070422537,64L177.5704225352113,65L186.23239436619718,67L194.8943661971831,66L203.55633802816902,63L212.21830985915494,65L220.88028169014086,62L229.54225352112678,65L238.2042253521127,66L246.8661971830986,74L255.5281690140845,78L264.1901408450704,85L272.8521126760563,93L281.51408450704224,96L290.17605633802816,96L298.8380281690141,99L307.5,95L316.1619718309859,94L324.82394366197184,97L333.48591549295776,96L342.1478873239437,94L350.8098591549296,91L359.47183098591546,93L368.1338028169014,91L376.7957746478873,89L385.4577464788732,88L394.11971830985914,88L402.78169014084506,86L411.443661971831,86L420.1056338028169,85L428.7676056338028,86L437.42957746478874,90L446.09154929577466,100L454.7535211267606,108L463.4154929577465,114L472.0774647887324,122L480.73943661971833,127L489.4014084507042,128L498.0633802816901,130L506.72535211267603,129L515.387323943662,131L524.0492957746479,134L532.7112676056339,139L541.3732394366198,146L550.0352112676057,154L558.6971830985916,159L567.3591549295775,166L576.0211267605634,172L584.6830985915493,190L593.3450704225353,205L602.0070422535211,223L610.6690140845071,237","rgb(255, 204, 0)",igc-graph-line-path,2026-05-19T08:51:23Z
vw_id_5_pro_performance,VW ID.5 Pro Performance,1,"ⵁ Ladeleistung 127,8 kW","M4.330985915492958,94Z","rgb(255, 255, 255)",igc-graph-line-path,2026-05-19T08:51:23Z
vw_id_buzz_lang_pro,VW ID.Buzz lang Pro,0,VW ID.Buzz lang Pro,"M4.316901408450704,18L12.950704225352112,15L21.58450704225352,13L30.218309859154928,12L38.852112676056336,10L47.485915492957744,9L56.11971830985915,8L64.75352112676056,7L73.38732394366197,6L82.02112676056338,5L90.65492957746478,5L99.28873239436619,4L107.9225352112676,3L116.55633802816901,2L125.19014084507042,1L133.82394366197184,1L142.45774647887322,0L151.09154929577466,40L159.72535211267603,71L168.35915492957747,122L176.99295774647885,152L185.6267605633803,152L194.26056338028167,152L202.8943661971831,141L211.52816901408448,146L220.16197183098592,128L228.7957746478873,129L237.42957746478874,131L246.06338028169012,138L254.69718309859155,164L263.33098591549293,169L271.96478873239437,175L280.59859154929575,163L289.2323943661971,169L297.86619718309856,175L306.5,180L315.1338028169014,186L323.76760563380276,183L332.4014084507042,181L341.03521126760563,185L349.669014084507,191L358.3028169014084,188L366.9366197183098,193L375.57042253521126,199L384.20422535211264,202L392.838028169014,193L401.47183098591546,198L410.1056338028169,203L418.7394366197183,201L427.37323943661966,205L436.0070422535211,210L444.64084507042253,208L453.2746478873239,213L461.9084507042253,211L470.5422535211267,216L479.17605633802816,208L487.80985915492954,213L496.4436619718309,212L505.07746478873236,217L513.7112676056338,222L522.3450704225352,221L530.9788732394366,226L539.612676056338,226L548.2464788732394,230L556.8802816901408,235L565.5140845070422,240L574.1478873239436,245L582.7816901408451,249L591.4154929577464,253L600.0492957746478,259L608.6830985915493,263","rgb(255, 204, 0)",igc-graph-line-path,2026-05-19T08:51:23Z
vw_id_buzz_lang_pro,VW ID.Buzz lang Pro,1,"ⵁ Ladeleistung 140,4 kW","M4.316901408450704,145Z","rgb(255, 255, 255)",igc-graph-line-path,2026-05-19T08:51:23Z
volvo_c40_recharge_sm_67_kwh,Volvo C40 Recharge SM 67 kWh,0,Volvo C40 Recharge SM 67 kWh,"M4.330985915492958,92L12.992957746478874,74L21.65492957746479,129L30.316901408450704,103L38.97887323943662,93L47.64084507042254,82L56.302816901408455,177L64.96478873239437,158L73.62676056338029,135L82.2887323943662,121L90.95070422535213,108L99.61267605633803,94L108.27464788732395,90L116.93661971830987,94L125.59859154929578,45L134.2605633802817,65L142.92253521126761,38L151.58450704225353,56L160.24647887323945,37L168.90845070422537,77L177.5704225352113,41L186.23239436619718,19L194.8943661971831,35L203.55633802816902,9L212.21830985915494,37L220.88028169014086,30L229.54225352112678,26L238.2042253521127,44L246.8661971830986,35L255.5281690140845,41L264.1901408450704,66L272.8521126760563,55L281.51408450704224,48L290.17605633802816,45L298.8380281690141,68L307.5,58L316.1619718309859,54L324.82394366197184,72L333.48591549295776,64L342.1478873239437,59L350.8098591549296,77L359.47183098591546,71L368.1338028169014,91L376.7957746478873,83L385.4577464788732,77L394.11971830985914,95L402.78169014084506,89L411.443661971831,95L420.1056338028169,101L428.7676056338028,120L437.42957746478874,112L446.09154929577466,133L454.7535211267606,125L463.4154929577465,151L472.0774647887324,141L480.73943661971833,137L489.4014084507042,160L498.0633802816901,155L506.72535211267603,167L515.387323943662,186L524.0492957746479,179L532.7112676056339,201L541.3732394366198,193L550.0352112676057,225L558.6971830985916,215L567.3591549295775,211L576.0211267605634,236L584.6830985915493,233L593.3450704225353,244L602.0070422535211,263L610.6690140845071,264","rgb(255, 204, 0)",igc-graph-line-path,2026-05-19T08:51:23Z
volvo_c40_recharge_sm_67_kwh,Volvo C40 Recharge SM 67 kWh,1,"ⵁ Ladeleistung 98,0 kW","M4.330985915492958,107Z","rgb(255, 255, 255)",igc-graph-line-path,2026-05-19T08:51:23Z
tesla_model_3,Tesla Model 3,0,Tesla Model 3 ,"M4.330985915492958,41L12.992957746478874,47L21.65492957746479,53L30.316901408450704,57L38.97887323943662,62L47.64084507042254,64L56.302816901408455,65L64.96478873239437,67L73.62676056338029,68L82.2887323943662,68L90.95070422535213,69L99.61267605633803,70L108.27464788732395,69L116.93661971830987,69L125.59859154929578,69L134.2605633802817,73L142.92253521126761,75L151.58450704225353,76L160.24647887323945,78L168.90845070422537,79L177.5704225352113,79L186.23239436619718,79L194.8943661971831,80L203.55633802816902,83L212.21830985915494,82L220.88028169014086,92L229.54225352112678,91L238.2042253521127,94L246.8661971830986,96L255.5281690140845,96L264.1901408450704,99L272.8521126760563,102L281.51408450704224,104L290.17605633802816,107L298.8380281690141,113L307.5,117L316.1619718309859,117L324.82394366197184,122L333.48591549295776,126L342.1478873239437,130L350.8098591549296,135L359.47183098591546,142L368.1338028169014,149L376.7957746478873,155L385.4577464788732,163L394.11971830985914,168L402.78169014084506,173L411.443661971831,178L420.1056338028169,184L428.7676056338028,188L437.42957746478874,194L446.09154929577466,199L454.7535211267606,203L463.4154929577465,209L472.0774647887324,215L480.73943661971833,218L489.4014084507042,224L498.0633802816901,228L506.72535211267603,233L515.387323943662,238L524.0492957746479,242L532.7112676056339,248L541.3732394366198,252L550.0352112676057,256L558.6971830985916,262L567.3591549295775,267L576.0211267605634,271L584.6830985915493,275L593.3450704225353,280L602.0070422535211,284L610.6690140845071,288","rgb(255, 204, 0)",igc-graph-line-path,2026-05-19T08:51:23Z
tesla_model_3,Tesla Model 3,1,"ⵁ Ladeleistung 91,5 kW","M4.330985915492958,142Z","rgb(255, 255, 255)",igc-graph-line-path,2026-05-19T08:51:23Z
ford_mustang_mach_e_extended,Ford Mustang Mach-E Extended,0,Ford Mustang Mach-E Range AWD,"M4.330985915492958,24L12.992957746478874,22L21.65492957746479,39L30.316901408450704,127L38.97887323943662,135L47.64084507042254,136L56.302816901408455,135L64.96478873239437,135L73.62676056338029,134L82.2887323943662,127L90.95070422535213,134L99.61267605633803,133L108.27464788732395,133L116.93661971830987,132L125.59859154929578,132L134.2605633802817,132L142.92253521126761,132L151.58450704225353,132L160.24647887323945,131L168.90845070422537,131L177.5704225352113,131L186.23239436619718,130L194.8943661971831,126L203.55633802816902,133L212.21830985915494,135L220.88028169014086,136L229.54225352112678,136L238.2042253521127,136L246.8661971830986,144L255.5281690140845,153L264.1901408450704,156L272.8521126760563,157L281.51408450704224,158L290.17605633802816,157L298.8380281690141,157L307.5,157L316.1619718309859,157L324.82394366197184,157L333.48591549295776,156L342.1478873239437,156L350.8098591549296,175L359.47183098591546,184L368.1338028169014,193L376.7957746478873,197L385.4577464788732,201L394.11971830985914,202L402.78169014084506,203L411.443661971831,202L420.1056338028169,202L428.7676056338028,202L437.42957746478874,201L446.09154929577466,201L454.7535211267606,201L463.4154929577465,201L472.0774647887324,200L480.73943661971833,200L489.4014084507042,199L498.0633802816901,199L506.72535211267603,198L515.387323943662,198L524.0492957746479,198L532.7112676056339,197L541.3732394366198,197L550.0352112676057,196L558.6971830985916,197L567.3591549295775,195L576.0211267605634,195L584.6830985915493,195L593.3450704225353,210L602.0070422535211,217L610.6690140845071,281","rgb(255, 204, 0)",igc-graph-line-path,2026-05-19T08:51:23Z
ford_mustang_mach_e_extended,Ford Mustang Mach-E Extended,1,"ⵁ Ladeleistung 93,4 kW","M4.330985915492958,162Z","rgb(255, 255, 255)",igc-graph-line-path,2026-05-19T08:51:23Z
kia_ev6_58_kwh,KIA EV6 58 kWh,0,KIA EV6 58 kWh,"M4.330985915492958,45L12.992957746478874,43L21.65492957746479,42L30.316901408450704,41L38.97887323943662,41L47.64084507042254,40L56.302816901408455,39L64.96478873239437,38L73.62676056338029,37L82.2887323943662,36L90.95070422535213,30L99.61267605633803,27L108.27464788732395,28L116.93661971830987,27L125.59859154929578,25L134.2605633802817,25L142.92253521126761,24L151.58450704225353,23L160.24647887323945,23L168.90845070422537,21L177.5704225352113,20L186.23239436619718,20L194.8943661971831,19L203.55633802816902,18L212.21830985915494,17L220.88028169014086,17L229.54225352112678,16L238.2042253521127,15L246.8661971830986,14L255.5281690140845,15L264.1901408450704,14L272.8521126760563,13L281.51408450704224,12L290.17605633802816,12L298.8380281690141,12L307.5,10L316.1619718309859,8L324.82394366197184,9L333.48591549295776,112L342.1478873239437,112L350.8098591549296,112L359.47183098591546,110L368.1338028169014,111L376.7957746478873,110L385.4577464788732,108L394.11971830985914,109L402.78169014084506,107L411.443661971831,129L420.1056338028169,267L428.7676056338028,267L437.42957746478874,266L446.09154929577466,267L454.7535211267606,266L463.4154929577465,265L472.0774647887324,265L480.73943661971833,265L489.4014084507042,264L498.0633802816901,264L506.72535211267603,264L515.387323943662,263L524.0492957746479,262L532.7112676056339,260L541.3732394366198,260L550.0352112676057,261L558.6971830985916,259L567.3591549295775,260L576.0211267605634,260L584.6830985915493,258L593.3450704225353,258L602.0070422535211,256L610.6690140845071,255","rgb(255, 204, 0)",igc-graph-line-path,2026-05-19T08:51:23Z
kia_ev6_58_kwh,KIA EV6 58 kWh,1,"ⵁ Ladeleistung 141,1 kW","M4.330985915492958,114Z","rgb(255, 255, 255)",igc-graph-line-path,2026-05-19T08:51:23Z
byd_seal_u,BYD Seal U,0,BYD Seal U,"M4.330985915492958,64L12.992957746478874,60L21.65492957746479,59L30.316901408450704,58L38.97887323943662,58L47.64084507042254,57L56.302816901408455,56L64.96478873239437,56L73.62676056338029,55L82.2887323943662,57L90.95070422535213,57L99.61267605633803,57L108.27464788732395,57L116.93661971830987,57L125.59859154929578,57L134.2605633802817,57L142.92253521126761,57L151.58450704225353,57L160.24647887323945,57L168.90845070422537,57L177.5704225352113,57L186.23239436619718,57L194.8943661971831,57L203.55633802816902,57L212.21830985915494,57L220.88028169014086,57L229.54225352112678,57L238.2042253521127,57L246.8661971830986,57L255.5281690140845,57L264.1901408450704,249L272.8521126760563,246L281.51408450704224,245L290.17605633802816,245L298.8380281690141,244L307.5,244L316.1619718309859,244L324.82394366197184,243L333.48591549295776,243L342.1478873239437,243L350.8098591549296,243L359.47183098591546,243L368.1338028169014,243L376.7957746478873,243L385.4577464788732,243L394.11971830985914,243L402.78169014084506,199L411.443661971831,171L420.1056338028169,142L428.7676056338028,142L437.42957746478874,142L446.09154929577466,142L454.7535211267606,248L463.4154929577465,247L472.0774647887324,244L480.73943661971833,240L489.4014084507042,240L498.0633802816901,240L506.72535211267603,240L515.387323943662,240L524.0492957746479,240L532.7112676056339,228L541.3732394366198,218L550.0352112676057,214L558.6971830985916,210L567.3591549295775,210L576.0211267605634,210L584.6830985915493,210L593.3450704225353,209L602.0070422535211,210L610.6690140845071,209","rgb(255, 204, 0)",igc-graph-line-path,2026-05-19T08:51:23Z
byd_seal_u,BYD Seal U,1,"ⵁ Ladeleistung 107,6 kW","M4.330985915492958,153Z","rgb(255, 255, 255)",igc-graph-line-path,2026-05-19T08:51:23Z
volvo_ex30_awd,Volvo EX30 AWD,0,Volvo EX30 AWD,"M4.330985915492958,243L12.992957746478874,161L21.65492957746479,123L30.316901408450704,99L38.97887323943662,87L47.64084507042254,63L56.302816901408455,50L64.96478873239437,26L73.62676056338029,26L82.2887323943662,14L90.95070422535213,13L99.61267605633803,12L108.27464788732395,12L116.93661971830987,11L125.59859154929578,11L134.2605633802817,11L142.92253521126761,10L151.58450704225353,10L160.24647887323945,9L168.90845070422537,9L177.5704225352113,9L186.23239436619718,9L194.8943661971831,45L203.55633802816902,44L212.21830985915494,44L220.88028169014086,44L229.54225352112678,44L238.2042253521127,43L246.8661971830986,43L255.5281690140845,43L264.1901408450704,78L272.8521126760563,78L281.51408450704224,77L290.17605633802816,77L298.8380281690141,77L307.5,113L316.1619718309859,113L324.82394366197184,112L333.48591549295776,112L342.1478873239437,112L350.8098591549296,147L359.47183098591546,147L368.1338028169014,147L376.7957746478873,147L385.4577464788732,146L394.11971830985914,182L402.78169014084506,182L411.443661971831,181L420.1056338028169,181L428.7676056338028,180L437.42957746478874,215L446.09154929577466,215L454.7535211267606,215L463.4154929577465,214L472.0774647887324,214L480.73943661971833,213L489.4014084507042,213L498.0633802816901,212L506.72535211267603,212L515.387323943662,229L524.0492957746479,229L532.7112676056339,229L541.3732394366198,227L550.0352112676057,227L558.6971830985916,227L567.3591549295775,226L576.0211267605634,244L584.6830985915493,244L593.3450704225353,244L602.0070422535211,243L610.6690140845071,243","rgb(255, 204, 0)",igc-graph-line-path,2026-05-19T08:51:23Z
volvo_ex30_awd,Volvo EX30 AWD,1,"ⵁ Ladeleistung 109,7 kW","M4.330985915492958,122Z","rgb(255, 255, 255)",igc-graph-line-path,2026-05-19T08:51:23Z
polestar_2_lr_dm_78_kwh,Polestar 2 LR DM 78 kWh,0,Polestar 2 LR DM,"M4.330985915492958,27L12.992957746478874,22L21.65492957746479,19L30.316901408450704,22L38.97887323943662,17L47.64084507042254,17L56.302816901408455,17L64.96478873239437,17L73.62676056338029,17L82.2887323943662,15L90.95070422535213,15L99.61267605633803,15L108.27464788732395,17L116.93661971830987,19L125.59859154929578,32L134.2605633802817,29L142.92253521126761,29L151.58450704225353,46L160.24647887323945,44L168.90845070422537,51L177.5704225352113,51L186.23239436619718,49L194.8943661971831,49L203.55633802816902,66L212.21830985915494,63L220.88028169014086,61L229.54225352112678,61L238.2042253521127,83L246.8661971830986,75L255.5281690140845,105L264.1901408450704,97L272.8521126760563,95L281.51408450704224,90L290.17605633802816,105L298.8380281690141,119L307.5,112L316.1619718309859,127L324.82394366197184,124L333.48591549295776,122L342.1478873239437,129L350.8098591549296,148L359.47183098591546,141L368.1338028169014,141L376.7957746478873,156L385.4577464788732,151L394.11971830985914,161L402.78169014084506,158L411.443661971831,163L420.1056338028169,173L428.7676056338028,183L437.42957746478874,190L446.09154929577466,190L454.7535211267606,197L463.4154929577465,202L472.0774647887324,202L480.73943661971833,207L489.4014084507042,209L498.0633802816901,219L506.72535211267603,221L515.387323943662,221L524.0492957746479,221L532.7112676056339,224L541.3732394366198,229L550.0352112676057,236L558.6971830985916,236L567.3591549295775,246L576.0211267605634,246L584.6830985915493,248L593.3450704225353,256L602.0070422535211,270L610.6690140845071,270","rgb(255, 204, 0)",igc-graph-line-path,2026-05-19T08:51:23Z
polestar_2_lr_dm_78_kwh,Polestar 2 LR DM 78 kWh,1,"ⵁ Ladeleistung 110,3 kW","M4.330985915492958,121Z","rgb(255, 255, 255)",igc-graph-line-path,2026-05-19T08:51:23Z
hyundai_kona_elektro_65_4_kwh,"Hyundai Kona Elektro 65,4 kWh",0,"Hyundai Kona Elektro 65,4 kWh","M4.330985915492958,59L12.992957746478874,58L21.65492957746479,57L30.316901408450704,56L38.97887323943662,56L47.64084507042254,55L56.302816901408455,55L64.96478873239437,67L73.62676056338029,67L82.2887323943662,67L90.95070422535213,66L99.61267605633803,66L108.27464788732395,66L116.93661971830987,66L125.59859154929578,65L134.2605633802817,65L142.92253521126761,64L151.58450704225353,64L160.24647887323945,64L168.90845070422537,64L177.5704225352113,64L186.23239436619718,63L194.8943661971831,63L203.55633802816902,62L212.21830985915494,62L220.88028169014086,62L229.54225352112678,62L238.2042253521127,61L246.8661971830986,61L255.5281690140845,60L264.1901408450704,60L272.8521126760563,59L281.51408450704224,59L290.17605633802816,57L298.8380281690141,56L307.5,54L316.1619718309859,54L324.82394366197184,53L333.48591549295776,53L342.1478873239437,52L350.8098591549296,51L359.47183098591546,51L368.1338028169014,50L376.7957746478873,50L385.4577464788732,49L394.11971830985914,48L402.78169014084506,47L411.443661971831,47L420.1056338028169,46L428.7676056338028,46L437.42957746478874,45L446.09154929577466,45L454.7535211267606,44L463.4154929577465,105L472.0774647887324,105L480.73943661971833,105L489.4014084507042,104L498.0633802816901,104L506.72535211267603,103L515.387323943662,179L524.0492957746479,179L532.7112676056339,179L541.3732394366198,178L550.0352112676057,178L558.6971830985916,178L567.3591549295775,197L576.0211267605634,197L584.6830985915493,201L593.3450704225353,201L602.0070422535211,201L610.6690140845071,285","rgb(255, 204, 0)",igc-graph-line-path,2026-05-19T08:51:23Z
hyundai_kona_elektro_65_4_kwh,"Hyundai Kona Elektro 65,4 kWh",1,"ⵁ Ladeleistung 85,1 kW","M4.330985915492958,85Z","rgb(255, 255, 255)",igc-graph-line-path,2026-05-19T08:51:23Z
nio_el7_100_kwh,NIO EL7 100 kWh,0,NIO EL7 100 kWh,"M4.330985915492958,25L12.992957746478874,24L21.65492957746479,22L30.316901408450704,22L38.97887323943662,18L47.64084507042254,20L56.302816901408455,19L64.96478873239437,18L73.62676056338029,14L82.2887323943662,14L90.95070422535213,13L99.61267605633803,12L108.27464788732395,12L116.93661971830987,14L125.59859154929578,14L134.2605633802817,13L142.92253521126761,11L151.58450704225353,13L160.24647887323945,15L168.90845070422537,14L177.5704225352113,17L186.23239436619718,17L194.8943661971831,17L203.55633802816902,18L212.21830985915494,18L220.88028169014086,18L229.54225352112678,19L238.2042253521127,30L246.8661971830986,36L255.5281690140845,50L264.1901408450704,66L272.8521126760563,75L281.51408450704224,86L290.17605633802816,96L298.8380281690141,103L307.5,108L316.1619718309859,116L324.82394366197184,123L333.48591549295776,129L342.1478873239437,133L350.8098591549296,137L359.47183098591546,144L368.1338028169014,148L376.7957746478873,152L385.4577464788732,155L394.11971830985914,159L402.78169014084506,161L411.443661971831,163L420.1056338028169,166L428.7676056338028,170L437.42957746478874,178L446.09154929577466,182L454.7535211267606,184L463.4154929577465,187L472.0774647887324,192L480.73943661971833,195L489.4014084507042,199L498.0633802816901,202L506.72535211267603,205L515.387323943662,210L524.0492957746479,212L532.7112676056339,215L541.3732394366198,220L550.0352112676057,225L558.6971830985916,231L567.3591549295775,237L576.0211267605634,245L584.6830985915493,251L593.3450704225353,256L602.0070422535211,261L610.6690140845071,266","rgb(255, 204, 0)",igc-graph-line-path,2026-05-19T08:51:23Z
nio_el7_100_kwh,NIO EL7 100 kWh,1,"ⵁ Ladeleistung 107,7 kW","M4.330985915492958,109Z","rgb(255, 255, 255)",igc-graph-line-path,2026-05-19T08:51:23Z
vw_id_buzz,VW ID.Buzz,0,VW ID.Buzz,"M4.316901408450704,39L12.950704225352112,38L21.58450704225352,37L30.218309859154928,37L38.852112676056336,36L47.485915492957744,35L56.11971830985915,34L64.75352112676056,34L73.38732394366197,33L82.02112676056338,32L90.65492957746478,32L99.28873239436619,40L107.9225352112676,46L116.55633802816901,51L125.19014084507042,54L133.82394366197184,58L142.45774647887322,65L151.09154929577466,79L159.72535211267603,91L168.35915492957747,102L176.99295774647885,113L185.6267605633803,125L194.26056338028167,134L202.8943661971831,141L211.52816901408448,148L220.16197183098592,155L228.7957746478873,160L237.42957746478874,166L246.06338028169012,171L254.69718309859155,176L263.33098591549293,180L271.96478873239437,185L280.59859154929575,191L289.2323943661971,196L297.86619718309856,201L306.5,205L315.1338028169014,210L323.76760563380276,215L332.4014084507042,220L341.03521126760563,224L349.669014084507,228L358.3028169014084,231L366.9366197183098,233L375.57042253521126,237L384.20422535211264,241L392.838028169014,243L401.47183098591546,245L410.1056338028169,248L418.7394366197183,252L427.37323943661966,255L436.0070422535211,257L444.64084507042253,259L453.2746478873239,261L461.9084507042253,264L470.5422535211267,266L479.17605633802816,269L487.80985915492954,270L496.4436619718309,271L505.07746478873236,272L513.7112676056338,272L522.3450704225352,272L530.9788732394366,272L539.612676056338,273L548.2464788732394,273L556.8802816901408,273L565.5140845070422,272L574.1478873239436,273L582.7816901408451,272L591.4154929577464,273L600.0492957746478,273L608.6830985915493,273","rgb(255, 204, 0)",igc-graph-line-path,2026-05-19T08:51:23Z
vw_id_buzz,VW ID.Buzz,1,"ⵁ Ladeleistung 127,3 kW","M4.316901408450704,177Z","rgb(255, 255, 255)",igc-graph-line-path,2026-05-19T08:51:23Z
bmw_ix1_xdrive30,BMW iX1 xDrive30,0,BMW iX1 xDrive30,"M4.330985915492958,32L12.992957746478874,32L21.65492957746479,31L30.316901408450704,30L38.97887323943662,30L47.64084507042254,29L56.302816901408455,29L64.96478873239437,26L73.62676056338029,27L82.2887323943662,28L90.95070422535213,30L99.61267605633803,32L108.27464788732395,32L116.93661971830987,34L125.59859154929578,36L134.2605633802817,36L142.92253521126761,35L151.58450704225353,35L160.24647887323945,35L168.90845070422537,36L177.5704225352113,36L186.23239436619718,37L194.8943661971831,37L203.55633802816902,37L212.21830985915494,38L220.88028169014086,38L229.54225352112678,38L238.2042253521127,38L246.8661971830986,40L255.5281690140845,42L264.1901408450704,42L272.8521126760563,44L281.51408450704224,45L290.17605633802816,47L298.8380281690141,48L307.5,50L316.1619718309859,48L324.82394366197184,51L333.48591549295776,56L342.1478873239437,84L350.8098591549296,89L359.47183098591546,89L368.1338028169014,87L376.7957746478873,87L385.4577464788732,87L394.11971830985914,92L402.78169014084506,97L411.443661971831,102L420.1056338028169,107L428.7676056338028,112L437.42957746478874,118L446.09154929577466,124L454.7535211267606,130L463.4154929577465,135L472.0774647887324,137L480.73943661971833,141L489.4014084507042,144L498.0633802816901,145L506.72535211267603,145L515.387323943662,143L524.0492957746479,149L532.7112676056339,154L541.3732394366198,160L550.0352112676057,166L558.6971830985916,171L567.3591549295775,175L576.0211267605634,177L584.6830985915493,182L593.3450704225353,203L602.0070422535211,250L610.6690140845071,250","rgb(255, 204, 0)",igc-graph-line-path,2026-05-19T08:51:23Z
bmw_ix1_xdrive30,BMW iX1 xDrive30,1,"ⵁ Ladeleistung 106,0 kW","M4.330985915492958,83Z","rgb(255, 255, 255)",igc-graph-line-path,2026-05-19T08:51:23Z
smart_1_pro_plus,Smart #1 Pro Plus,0,Smart #1 Pro Plus,"M4.330985915492958,23L12.992957746478874,23L21.65492957746479,23L30.316901408450704,23L38.97887323943662,23L47.64084507042254,23L56.302816901408455,23L64.96478873239437,24L73.62676056338029,23L82.2887323943662,23L90.95070422535213,24L99.61267605633803,24L108.27464788732395,24L116.93661971830987,23L125.59859154929578,23L134.2605633802817,23L142.92253521126761,24L151.58450704225353,23L160.24647887323945,23L168.90845070422537,23L177.5704225352113,24L186.23239436619718,24L194.8943661971831,24L203.55633802816902,24L212.21830985915494,37L220.88028169014086,36L229.54225352112678,36L238.2042253521127,67L246.8661971830986,67L255.5281690140845,66L264.1901408450704,65L272.8521126760563,65L281.51408450704224,96L290.17605633802816,96L298.8380281690141,95L307.5,95L316.1619718309859,125L324.82394366197184,125L333.48591549295776,125L342.1478873239437,124L350.8098591549296,124L359.47183098591546,154L368.1338028169014,154L376.7957746478873,153L385.4577464788732,153L394.11971830985914,183L402.78169014084506,182L411.443661971831,182L420.1056338028169,182L428.7676056338028,181L437.42957746478874,181L446.09154929577466,180L454.7535211267606,180L463.4154929577465,180L472.0774647887324,195L480.73943661971833,194L489.4014084507042,194L498.0633802816901,194L506.72535211267603,193L515.387323943662,193L524.0492957746479,192L532.7112676056339,192L541.3732394366198,208L550.0352112676057,208L558.6971830985916,207L567.3591549295775,207L576.0211267605634,206L584.6830985915493,206L593.3450704225353,269L602.0070422535211,269L610.6690140845071,269","rgb(255, 204, 0)",igc-graph-line-path,2026-05-19T08:51:23Z
smart_1_pro_plus,Smart #1 Pro Plus,1,"ⵁ Ladeleistung 107,0 kW","M4.330985915492958,111Z","rgb(255, 255, 255)",igc-graph-line-path,2026-05-19T08:51:23Z
kia_ev3_58_3_kwh_earth,"KIA EV3 58,3 kWh Earth",0,"KIA EV3 58,3 kWh Earth","M4.330985915492958,51L12.992957746478874,47L21.65492957746479,54L30.316901408450704,54L38.97887323943662,51L47.64084507042254,50L56.302816901408455,48L64.96478873239437,48L73.62676056338029,46L82.2887323943662,46L90.95070422535213,43L99.61267605633803,40L108.27464788732395,36L116.93661971830987,34L125.59859154929578,32L134.2605633802817,31L142.92253521126761,31L151.58450704225353,30L160.24647887323945,28L168.90845070422537,28L177.5704225352113,26L186.23239436619718,26L194.8943661971831,36L203.55633802816902,36L212.21830985915494,34L220.88028169014086,32L229.54225352112678,32L238.2042253521127,27L246.8661971830986,22L255.5281690140845,20L264.1901408450704,18L272.8521126760563,18L281.51408450704224,18L290.17605633802816,17L298.8380281690141,15L307.5,15L316.1619718309859,14L324.82394366197184,11L333.48591549295776,9L342.1478873239437,10L350.8098591549296,10L359.47183098591546,7L368.1338028169014,7L376.7957746478873,5L385.4577464788732,4L394.11971830985914,26L402.78169014084506,27L411.443661971831,25L420.1056338028169,23L428.7676056338028,24L437.42957746478874,21L446.09154929577466,22L454.7535211267606,20L463.4154929577465,20L472.0774647887324,44L480.73943661971833,44L489.4014084507042,43L498.0633802816901,42L506.72535211267603,41L515.387323943662,92L524.0492957746479,91L532.7112676056339,91L541.3732394366198,87L550.0352112676057,90L558.6971830985916,230L567.3591549295775,228L576.0211267605634,228L584.6830985915493,229L593.3450704225353,228L602.0070422535211,225L610.6690140845071,264","rgb(255, 204, 0)",igc-graph-line-path,2026-05-19T08:51:23Z
kia_ev3_58_3_kwh_earth,"KIA EV3 58,3 kWh Earth",1,"ⵁ Ladeleistung 89,0 kW","M4.330985915492958,54Z","rgb(255, 255, 255)",igc-graph-line-path,2026-05-19T08:51:23Z
byd_seal_rwd,BYD Seal RWD,0,BYD Seal RWD,"M4.330985915492958,32L12.992957746478874,29L21.65492957746479,28L30.316901408450704,27L38.97887323943662,28L47.64084507042254,27L56.302816901408455,27L64.96478873239437,26L73.62676056338029,28L82.2887323943662,28L90.95070422535213,29L99.61267605633803,29L108.27464788732395,29L116.93661971830987,29L125.59859154929578,29L134.2605633802817,29L142.92253521126761,29L151.58450704225353,173L160.24647887323945,171L168.90845070422537,169L177.5704225352113,167L186.23239436619718,167L194.8943661971831,167L203.55633802816902,209L212.21830985915494,207L220.88028169014086,205L229.54225352112678,203L238.2042253521127,203L246.8661971830986,203L255.5281690140845,203L264.1901408450704,203L272.8521126760563,203L281.51408450704224,203L290.17605633802816,203L298.8380281690141,203L307.5,202L316.1619718309859,202L324.82394366197184,202L333.48591549295776,202L342.1478873239437,202L350.8098591549296,200L359.47183098591546,200L368.1338028169014,200L376.7957746478873,200L385.4577464788732,200L394.11971830985914,200L402.78169014084506,199L411.443661971831,199L420.1056338028169,199L428.7676056338028,199L437.42957746478874,199L446.09154929577466,199L454.7535211267606,199L463.4154929577465,199L472.0774647887324,199L480.73943661971833,279L489.4014084507042,272L498.0633802816901,259L506.72535211267603,255L515.387323943662,253L524.0492957746479,253L532.7112676056339,233L541.3732394366198,229L550.0352112676057,229L558.6971830985916,223L567.3591549295775,223L576.0211267605634,223L584.6830985915493,223L593.3450704225353,223L602.0070422535211,222L610.6690140845071,222","rgb(255, 204, 0)",igc-graph-line-path,2026-05-19T08:51:23Z
volvo_ex30_twin_motor_performance_cross_country_ultra_awd,Volvo EX30 Twin Motor Performance Cross Country Ultra AWD,0,Volvo EX30 Twin Motor Performance Cross Country Ultra AWD,"M4.330985915492958,242L12.992957746478874,239L21.65492957746479,237L30.316901408450704,27L38.97887323943662,27L47.64084507042254,17L56.302816901408455,17L64.96478873239437,17L73.62676056338029,16L82.2887323943662,16L90.95070422535213,16L99.61267605633803,15L108.27464788732395,13L116.93661971830987,13L125.59859154929578,13L134.2605633802817,12L142.92253521126761,12L151.58450704225353,12L160.24647887323945,12L168.90845070422537,11L177.5704225352113,11L186.23239436619718,11L194.8943661971831,10L203.55633802816902,10L212.21830985915494,46L220.88028169014086,46L229.54225352112678,45L238.2042253521127,45L246.8661971830986,45L255.5281690140845,44L264.1901408450704,44L272.8521126760563,80L281.51408450704224,79L290.17605633802816,79L298.8380281690141,78L307.5,78L316.1619718309859,114L324.82394366197184,113L333.48591549295776,113L342.1478873239437,113L350.8098591549296,113L359.47183098591546,148L368.1338028169014,148L376.7957746478873,147L385.4577464788732,147L394.11971830985914,182L402.78169014084506,182L411.443661971831,181L420.1056338028169,181L428.7676056338028,217L437.42957746478874,216L446.09154929577466,216L454.7535211267606,215L463.4154929577465,215L472.0774647887324,214L480.73943661971833,214L489.4014084507042,213L498.0633802816901,213L506.72535211267603,230L515.387323943662,230L524.0492957746479,230L532.7112676056339,228L541.3732394366198,228L550.0352112676057,227L558.6971830985916,227L567.3591549295775,245L576.0211267605634,244L584.6830985915493,244L593.3450704225353,243L602.0070422535211,243L610.6690140845071,243","rgb(255, 204, 0)",igc-graph-line-path,2026-05-19T08:51:23Z
volvo_ex30_twin_motor_performance_cross_country_ultra_awd,Volvo EX30 Twin Motor Performance Cross Country Ultra AWD,1,"ⵁ Ladeleistung 110,2 kW","M4.330985915492958,121Z","rgb(255, 255, 255)",igc-graph-line-path,2026-05-19T08:51:23Z
volvo_ex30_sm_er,Volvo EX30 SM ER,0,Volvo EX30 SM ER,"M4.330985915492958,232L12.992957746478874,208L21.65492957746479,51L30.316901408450704,26L38.97887323943662,16L47.64084507042254,16L56.302816901408455,15L64.96478873239437,14L73.62676056338029,14L82.2887323943662,14L90.95070422535213,14L99.61267605633803,11L108.27464788732395,10L116.93661971830987,9L125.59859154929578,9L134.2605633802817,8L142.92253521126761,8L151.58450704225353,8L160.24647887323945,9L168.90845070422537,9L177.5704225352113,9L186.23239436619718,9L194.8943661971831,45L203.55633802816902,45L212.21830985915494,44L220.88028169014086,44L229.54225352112678,43L238.2042253521127,43L246.8661971830986,43L255.5281690140845,56L264.1901408450704,78L272.8521126760563,78L281.51408450704224,78L290.17605633802816,78L298.8380281690141,78L307.5,114L316.1619718309859,114L324.82394366197184,113L333.48591549295776,113L342.1478873239437,148L350.8098591549296,148L359.47183098591546,147L368.1338028169014,147L376.7957746478873,146L385.4577464788732,182L394.11971830985914,182L402.78169014084506,182L411.443661971831,180L420.1056338028169,181L428.7676056338028,215L437.42957746478874,215L446.09154929577466,214L454.7535211267606,213L463.4154929577465,214L472.0774647887324,214L480.73943661971833,213L489.4014084507042,213L498.0633802816901,212L506.72535211267603,230L515.387323943662,229L524.0492957746479,229L532.7112676056339,227L541.3732394366198,227L550.0352112676057,227L558.6971830985916,226L567.3591549295775,245L576.0211267605634,244L584.6830985915493,244L593.3450704225353,244L602.0070422535211,243L610.6690140845071,242","rgb(255, 204, 0)",igc-graph-line-path,2026-05-19T08:51:23Z
volvo_ex30_sm_er,Volvo EX30 SM ER,1,"ⵁ Ladeleistung 110,5 kW","M4.330985915492958,120Z","rgb(255, 255, 255)",igc-graph-line-path,2026-05-19T08:51:23Z
peugeot_e_208_156,Peugeot e-208 156,0,Peugeot e-208 156,"M4.330985915492958,38L12.992957746478874,36L21.65492957746479,33L30.316901408450704,32L38.97887323943662,31L47.64084507042254,29L56.302816901408455,27L64.96478873239437,26L73.62676056338029,22L82.2887323943662,41L90.95070422535213,72L99.61267605633803,71L108.27464788732395,70L116.93661971830987,69L125.59859154929578,66L134.2605633802817,66L142.92253521126761,65L151.58450704225353,121L160.24647887323945,120L168.90845070422537,119L177.5704225352113,119L186.23239436619718,119L194.8943661971831,118L203.55633802816902,117L212.21830985915494,117L220.88028169014086,116L229.54225352112678,116L238.2042253521127,116L246.8661971830986,115L255.5281690140845,115L264.1901408450704,114L272.8521126760563,114L281.51408450704224,113L290.17605633802816,112L298.8380281690141,111L307.5,110L316.1619718309859,110L324.82394366197184,109L333.48591549295776,108L342.1478873239437,107L350.8098591549296,128L359.47183098591546,128L368.1338028169014,126L376.7957746478873,125L385.4577464788732,124L394.11971830985914,124L402.78169014084506,118L411.443661971831,116L420.1056338028169,116L428.7676056338028,182L437.42957746478874,182L446.09154929577466,181L454.7535211267606,180L463.4154929577465,179L472.0774647887324,178L480.73943661971833,176L489.4014084507042,176L498.0633802816901,175L506.72535211267603,174L515.387323943662,261L524.0492957746479,259L532.7112676056339,258L541.3732394366198,258L550.0352112676057,261L558.6971830985916,260L567.3591549295775,259L576.0211267605634,261L584.6830985915493,269L593.3450704225353,260L602.0070422535211,259L610.6690140845071,262","rgb(255, 204, 0)",igc-graph-line-path,2026-05-19T08:51:23Z
peugeot_e_208_156,Peugeot e-208 156,1,"ⵁ Ladeleistung 82,7 kW","M4.330985915492958,133Z","rgb(255, 255, 255)",igc-graph-line-path,2026-05-19T08:51:23Z
mini_aceman_se_favoured_trim,MINI Aceman SE Favoured Trim,0,MINI Aceman SE Favoured Trim,"M4.330985915492958,46L12.992957746478874,45L21.65492957746479,43L30.316901408450704,39L38.97887323943662,38L47.64084507042254,145L56.302816901408455,144L64.96478873239437,146L73.62676056338029,145L82.2887323943662,144L90.95070422535213,144L99.61267605633803,143L108.27464788732395,144L116.93661971830987,142L125.59859154929578,152L134.2605633802817,153L142.92253521126761,152L151.58450704225353,152L160.24647887323945,149L168.90845070422537,149L177.5704225352113,149L186.23239436619718,150L194.8943661971831,149L203.55633802816902,149L212.21830985915494,149L220.88028169014086,148L229.54225352112678,148L238.2042253521127,145L246.8661971830986,146L255.5281690140845,145L264.1901408450704,146L272.8521126760563,143L281.51408450704224,145L290.17605633802816,144L298.8380281690141,144L307.5,141L316.1619718309859,179L324.82394366197184,179L333.48591549295776,179L342.1478873239437,178L350.8098591549296,178L359.47183098591546,177L368.1338028169014,176L376.7957746478873,176L385.4577464788732,176L394.11971830985914,175L402.78169014084506,174L411.443661971831,174L420.1056338028169,173L428.7676056338028,173L437.42957746478874,172L446.09154929577466,171L454.7535211267606,171L463.4154929577465,171L472.0774647887324,170L480.73943661971833,169L489.4014084507042,169L498.0633802816901,168L506.72535211267603,168L515.387323943662,167L524.0492957746479,166L532.7112676056339,166L541.3732394366198,165L550.0352112676057,165L558.6971830985916,179L567.3591549295775,179L576.0211267605634,207L584.6830985915493,257L593.3450704225353,255L602.0070422535211,255L610.6690140845071,275","rgb(255, 204, 0)",igc-graph-line-path,2026-05-19T08:51:23Z
mini_aceman_se_favoured_trim,MINI Aceman SE Favoured Trim,1,"ⵁ Ladeleistung 72,2 kW","M4.330985915492958,158Z","rgb(255, 255, 255)",igc-graph-line-path,2026-05-19T08:51:23Z
kia_niro_ev_64_8_kwh,"Kia Niro EV 64,8 kWh",0,"Kia Niro EV 64,8 kWh","M4.373239436619718,47L13.119718309859154,65L21.866197183098592,65L30.612676056338024,65L39.359154929577464,62L48.105633802816904,62L56.852112676056336,63L65.59859154929576,62L74.3450704225352,152L83.09154929577464,152L91.83802816901408,152L100.5845070422535,152L109.33098591549295,151L118.07746478873239,151L126.82394366197181,150L135.57042253521126,150L144.3169014084507,151L153.06338028169012,150L161.80985915492957,149L170.556338028169,149L179.30281690140845,148L188.04929577464787,148L196.7957746478873,199L205.54225352112675,201L214.28873239436618,201L223.0352112676056,200L231.78169014084506,74L240.52816901408448,73L249.2746478873239,72L258.0211267605634,73L266.7676056338028,72L275.51408450704224,72L284.26056338028167,70L293.0070422535211,70L301.7535211267605,157L310.5,156L319.2464788732394,156L327.99295774647885,156L336.7394366197183,155L345.4859154929577,154L354.2323943661972,152L362.9788732394366,153L371.72535211267603,152L380.47183098591546,151L389.2183098591549,151L397.9647887323943,150L406.7112676056338,148L415.4577464788732,147L424.20422535211264,190L432.95070422535207,185L441.6971830985915,184L450.443661971831,183L459.1901408450704,181L467.9366197183098,180L476.68309859154925,184L485.4295774647887,183L494.1760563380281,183L502.9225352112676,182L511.669014084507,175L520.4154929577466,176L529.161971830986,269L537.9084507042254,267L546.6549295774648,272L555.4014084507043,271L564.1478873239437,270L572.8943661971831,269L581.6408450704225,269L590.387323943662,269L599.1338028169014,267L607.8802816901408,267L616.6267605633803,271","rgb(255, 204, 0)",igc-graph-line-path,2026-05-19T08:51:23Z
kia_niro_ev_64_8_kwh,"Kia Niro EV 64,8 kWh",1,"ⵁ Ladeleistung 62,6 kW","M4.373239436619718,160Z","rgb(255, 255, 255)",igc-graph-line-path,2026-05-19T08:51:23Z
opel_astra_elekctric_gs,Opel Astra Elekctric GS,0,Opel Astra Electric,"M4.330985915492958,23L12.992957746478874,21L21.65492957746479,19L30.316901408450704,17L38.97887323943662,16L47.64084507042254,13L56.302816901408455,12L64.96478873239437,10L73.62676056338029,59L82.2887323943662,59L90.95070422535213,58L99.61267605633803,57L108.27464788732395,56L116.93661971830987,56L125.59859154929578,55L134.2605633802817,105L142.92253521126761,103L151.58450704225353,103L160.24647887323945,103L168.90845070422537,102L177.5704225352113,102L186.23239436619718,101L194.8943661971831,100L203.55633802816902,100L212.21830985915494,100L220.88028169014086,99L229.54225352112678,98L238.2042253521127,98L246.8661971830986,97L255.5281690140845,96L264.1901408450704,96L272.8521126760563,96L281.51408450704224,96L290.17605633802816,94L298.8380281690141,93L307.5,93L316.1619718309859,92L324.82394366197184,91L333.48591549295776,126L342.1478873239437,123L350.8098591549296,123L359.47183098591546,122L368.1338028169014,121L376.7957746478873,120L385.4577464788732,118L394.11971830985914,118L402.78169014084506,116L411.443661971831,118L420.1056338028169,173L428.7676056338028,173L437.42957746478874,204L446.09154929577466,204L454.7535211267606,203L463.4154929577465,204L472.0774647887324,203L480.73943661971833,203L489.4014084507042,202L498.0633802816901,201L506.72535211267603,201L515.387323943662,198L524.0492957746479,253L532.7112676056339,254L541.3732394366198,253L550.0352112676057,254L558.6971830985916,254L567.3591549295775,252L576.0211267605634,253L584.6830985915493,252L593.3450704225353,253L602.0070422535211,250L610.6690140845071,249","rgb(255, 204, 0)",igc-graph-line-path,2026-05-19T08:51:23Z
opel_astra_elekctric_gs,Opel Astra Elekctric GS,1,"ⵁ Ladeleistung 79,1 kW","M4.330985915492958,129Z","rgb(255, 255, 255)",igc-graph-line-path,2026-05-19T08:51:23Z
mercedes_benz_eqb_350,Mercedes-Benz EQB 350,0,Mercedes-Benz EQB 350,"M4.330985915492958,23L12.992957746478874,12L21.65492957746479,12L30.316901408450704,12L38.97887323943662,12L47.64084507042254,12L56.302816901408455,12L64.96478873239437,12L73.62676056338029,12L82.2887323943662,12L90.95070422535213,12L99.61267605633803,12L108.27464788732395,12L116.93661971830987,12L125.59859154929578,12L134.2605633802817,12L142.92253521126761,12L151.58450704225353,12L160.24647887323945,23L168.90845070422537,23L177.5704225352113,23L186.23239436619718,23L194.8943661971831,35L203.55633802816902,35L212.21830985915494,35L220.88028169014086,35L229.54225352112678,35L238.2042253521127,35L246.8661971830986,35L255.5281690140845,35L264.1901408450704,35L272.8521126760563,35L281.51408450704224,35L290.17605633802816,35L298.8380281690141,35L307.5,35L316.1619718309859,35L324.82394366197184,35L333.48591549295776,35L342.1478873239437,35L350.8098591549296,35L359.47183098591546,35L368.1338028169014,35L376.7957746478873,35L385.4577464788732,23L394.11971830985914,23L402.78169014084506,47L411.443661971831,58L420.1056338028169,82L428.7676056338028,82L437.42957746478874,93L446.09154929577466,93L454.7535211267606,93L463.4154929577465,93L472.0774647887324,93L480.73943661971833,105L489.4014084507042,93L498.0633802816901,105L506.72535211267603,105L515.387323943662,105L524.0492957746479,117L532.7112676056339,128L541.3732394366198,164L550.0352112676057,175L558.6971830985916,187L567.3591549295775,199L576.0211267605634,210L584.6830985915493,234L593.3450704225353,245L602.0070422535211,257L610.6690140845071,292","rgb(255, 204, 0)",igc-graph-line-path,2026-05-19T08:51:23Z
mercedes_benz_eqb_350,Mercedes-Benz EQB 350,1,"ⵁ Ladeleistung 99,5 kW","M4.330985915492958,64Z","rgb(255, 255, 255)",igc-graph-line-path,2026-05-19T08:51:23Z
peugeot_e_308_156,Peugeot e-308 156,0,Peugeot e-308 156,"M4.330985915492958,37L12.992957746478874,35L21.65492957746479,34L30.316901408450704,32L38.97887323943662,32L47.64084507042254,30L56.302816901408455,80L64.96478873239437,75L73.62676056338029,75L82.2887323943662,74L90.95070422535213,73L99.61267605633803,73L108.27464788732395,73L116.93661971830987,72L125.59859154929578,127L134.2605633802817,124L142.92253521126761,122L151.58450704225353,121L160.24647887323945,121L168.90845070422537,120L177.5704225352113,121L186.23239436619718,120L194.8943661971831,120L203.55633802816902,118L212.21830985915494,117L220.88028169014086,116L229.54225352112678,115L238.2042253521127,114L246.8661971830986,113L255.5281690140845,113L264.1901408450704,113L272.8521126760563,113L281.51408450704224,112L290.17605633802816,111L298.8380281690141,110L307.5,110L316.1619718309859,110L324.82394366197184,109L333.48591549295776,108L342.1478873239437,107L350.8098591549296,106L359.47183098591546,128L368.1338028169014,128L376.7957746478873,127L385.4577464788732,126L394.11971830985914,125L402.78169014084506,122L411.443661971831,119L420.1056338028169,118L428.7676056338028,117L437.42957746478874,183L446.09154929577466,182L454.7535211267606,181L463.4154929577465,181L472.0774647887324,180L480.73943661971833,179L489.4014084507042,178L498.0633802816901,177L506.72535211267603,177L515.387323943662,176L524.0492957746479,261L532.7112676056339,260L541.3732394366198,259L550.0352112676057,258L558.6971830985916,260L567.3591549295775,260L576.0211267605634,259L584.6830985915493,262L593.3450704225353,261L602.0070422535211,260L610.6690140845071,263","rgb(255, 204, 0)",igc-graph-line-path,2026-05-19T08:51:23Z
peugeot_e_308_156,Peugeot e-308 156,1,"ⵁ Ladeleistung 82,0 kW","M4.330985915492958,136Z","rgb(255, 255, 255)",igc-graph-line-path,2026-05-19T08:51:23Z
subaru_solterra,Subaru Solterra,0,Subaru Solterra,"M4.330985915492958,127L12.992957746478874,123L21.65492957746479,117L30.316901408450704,111L38.97887323943662,105L47.64084507042254,99L56.302816901408455,94L64.96478873239437,88L73.62676056338029,81L82.2887323943662,74L90.95070422535213,68L99.61267605633803,63L108.27464788732395,57L116.93661971830987,50L125.59859154929578,44L134.2605633802817,36L142.92253521126761,30L151.58450704225353,31L160.24647887323945,31L168.90845070422537,30L177.5704225352113,37L186.23239436619718,45L194.8943661971831,52L203.55633802816902,57L212.21830985915494,64L220.88028169014086,68L229.54225352112678,73L238.2042253521127,80L246.8661971830986,87L255.5281690140845,92L264.1901408450704,98L272.8521126760563,104L281.51408450704224,108L290.17605633802816,114L298.8380281690141,118L307.5,124L316.1619718309859,129L324.82394366197184,134L333.48591549295776,138L342.1478873239437,143L350.8098591549296,147L359.47183098591546,153L368.1338028169014,158L376.7957746478873,163L385.4577464788732,168L394.11971830985914,175L402.78169014084506,180L411.443661971831,184L420.1056338028169,187L428.7676056338028,193L437.42957746478874,197L446.09154929577466,201L454.7535211267606,206L463.4154929577465,211L472.0774647887324,214L480.73943661971833,217L489.4014084507042,216L498.0633802816901,219L506.72535211267603,222L515.387323943662,225L524.0492957746479,228L532.7112676056339,230L541.3732394366198,234L550.0352112676057,237L558.6971830985916,239L567.3591549295775,242L576.0211267605634,244L584.6830985915493,247L593.3450704225353,249L602.0070422535211,252L610.6690140845071,255","rgb(255, 204, 0)",igc-graph-line-path,2026-05-19T08:51:23Z
subaru_solterra,Subaru Solterra,1,"ⵁ Ladeleistung 93,7 kW","M4.330985915492958,138Z","rgb(255, 255, 255)",igc-graph-line-path,2026-05-19T08:51:23Z
renault_r5_e_tech_electric_150_comfort_range_techno,Renault R5 E-Tech Electric 150 Comfort Range Techno,0,Renault R5 E-Tech Electric 150 Comfort Range,"M4.330985915492958,36L12.992957746478874,35L21.65492957746479,34L30.316901408450704,34L38.97887323943662,33L47.64084507042254,34L56.302816901408455,34L64.96478873239437,34L73.62676056338029,33L82.2887323943662,34L90.95070422535213,34L99.61267605633803,35L108.27464788732395,35L116.93661971830987,35L125.59859154929578,36L134.2605633802817,36L142.92253521126761,35L151.58450704225353,36L160.24647887323945,37L168.90845070422537,39L177.5704225352113,47L186.23239436619718,51L194.8943661971831,57L203.55633802816902,66L212.21830985915494,72L220.88028169014086,76L229.54225352112678,85L238.2042253521127,89L246.8661971830986,95L255.5281690140845,99L264.1901408450704,103L272.8521126760563,108L281.51408450704224,113L290.17605633802816,118L298.8380281690141,126L307.5,129L316.1619718309859,136L324.82394366197184,139L333.48591549295776,142L342.1478873239437,153L350.8098591549296,166L359.47183098591546,166L368.1338028169014,164L376.7957746478873,164L385.4577464788732,170L394.11971830985914,178L402.78169014084506,188L411.443661971831,195L420.1056338028169,201L428.7676056338028,207L437.42957746478874,214L446.09154929577466,214L454.7535211267606,214L463.4154929577465,216L472.0774647887324,227L480.73943661971833,240L489.4014084507042,240L498.0633802816901,239L506.72535211267603,238L515.387323943662,239L524.0492957746479,242L532.7112676056339,247L541.3732394366198,252L550.0352112676057,257L558.6971830985916,263L567.3591549295775,265L576.0211267605634,270L584.6830985915493,275L593.3450704225353,279L602.0070422535211,285L610.6690140845071,290","rgb(255, 204, 0)",igc-graph-line-path,2026-05-19T08:51:23Z
renault_r5_e_tech_electric_150_comfort_range_techno,Renault R5 E-Tech Electric 150 Comfort Range Techno,1,"ⵁ Ladeleistung 81,9 kW","M4.330985915492958,137Z","rgb(255, 255, 255)",igc-graph-line-path,2026-05-19T08:51:23Z
mercedes_benz_eqa_250,Mercedes-Benz EQA 250,0,Mercedes-Benz EQA 250 ,"M4.330985915492958,64L12.992957746478874,61L21.65492957746479,58L30.316901408450704,58L38.97887323943662,57L47.64084507042254,55L56.302816901408455,53L64.96478873239437,54L73.62676056338029,53L82.2887323943662,50L90.95070422535213,56L99.61267605633803,50L108.27464788732395,49L116.93661971830987,47L125.59859154929578,48L134.2605633802817,48L142.92253521126761,44L151.58450704225353,46L160.24647887323945,47L168.90845070422537,48L177.5704225352113,50L186.23239436619718,52L194.8943661971831,55L203.55633802816902,56L212.21830985915494,60L220.88028169014086,59L229.54225352112678,64L238.2042253521127,66L246.8661971830986,67L255.5281690140845,69L264.1901408450704,69L272.8521126760563,72L281.51408450704224,74L290.17605633802816,78L298.8380281690141,79L307.5,78L316.1619718309859,80L324.82394366197184,85L333.48591549295776,88L342.1478873239437,92L350.8098591549296,95L359.47183098591546,101L368.1338028169014,104L376.7957746478873,107L385.4577464788732,111L394.11971830985914,115L402.78169014084506,118L411.443661971831,121L420.1056338028169,123L428.7676056338028,126L437.42957746478874,128L446.09154929577466,130L454.7535211267606,133L463.4154929577465,135L472.0774647887324,140L480.73943661971833,141L489.4014084507042,145L498.0633802816901,148L506.72535211267603,152L515.387323943662,156L524.0492957746479,165L532.7112676056339,176L541.3732394366198,185L550.0352112676057,191L558.6971830985916,199L567.3591549295775,206L576.0211267605634,214L584.6830985915493,222L593.3450704225353,235L602.0070422535211,244L610.6690140845071,250","rgb(255, 204, 0)",igc-graph-line-path,2026-05-19T08:51:23Z
mercedes_benz_eqa_250,Mercedes-Benz EQA 250,1,"ⵁ Ladeleistung 102,5 kW","M4.330985915492958,102Z","rgb(255, 255, 255)",igc-graph-line-path,2026-05-19T08:51:23Z
